output,narrated_site,data_traces_to_site,match_evidence,mismatch,table4_5_core_touch,action
scenario_results_soilgrids_corrected.csv,Gimje+Hampyeong (6 site-years),CONFIRMED Gimje/Hampyeong,grow_precip_mm exactly matches confirmed May-Sep weather for all 6 site-years (402.6/675.0/736.1 Gimje; 577.9/823.8/723.6 Hampyeong) and differs from initial Chungnam/Jeonnam (512.9/1278.3; 1105.2/686.3); T1 harness used weather_aquacrop_{gimje/hampyeong} and passed 30/30,none,YES,NO_CONTAMINATION_OK
sensitivity_soil_params.csv,Gimje 2019,CONFIRMED Gimje,independent AquaCrop repro: default-ClayLoam PaddyRice rainfed 2019 on Gimje weather = 6.3214 = saved base rainfed 6.321 (Chungnam gives 6.7040),none,NO (Sec 5.5.1 soil sensitivity),OK
stress_test_missing_weather.csv,Gimje 2019 (narrated),INITIAL Chungnam,independent AquaCrop repro: default-ClayLoam rainfed 2019 on Chungnam weather = 6.7040 = saved normal rainfed 6.704; Gimje gives 6.321; saved gapped weather is Chungnam with Jul15-28 removed,YES site-identity mismatch,NO (Sec 5.5.2 missing-weather; not a Table 4/5 value),ALREADY_STOPPED_regenerate_on_Gimje_via_2A
pareto_front_case1_gimje_2019_soilcorrected.csv,Gimje 2019 (Sec 5.3),CONFIRMED Gimje,front min yield 6.142 = SoilGrids Gimje 2019 rainfed (scenario table); irr range 0-212.8 matches Sec 5.3,none,partial (Sec 5.3 prose; not a Table 4/5 core cell),OK
pareto_front_case2_hampyeong_2015.csv,Hampyeong 2015 (Sec 5.3),CONFIRMED Hampyeong,front min yield 6.016 = scenario Hampyeong 2015 rainfed; range 0-138.4 matches Sec 5.3,none,partial (Sec 5.3),OK
pareto_front_case2_hampyeong_2022.csv,Hampyeong 2022 (Sec 5.3),CONFIRMED Hampyeong,front min yield 7.295 (Jeonnam front min is 6.751 so site=Hampyeong); known default-vs-SoilGrids nuance 7.295/WP1.008 vs scenario 7.233/WP1.000,soil-param (default vs SoilGrids) nuance only; NOT a site mismatch,partial (Sec 5.3),OK_WITH_KNOWN_CAVEAT
pareto_front_case1_gimje_2015.csv,Gimje 2015 (Sec 5.3),CONFIRMED Gimje,no 2015 Chungnam candidate exists; site unambiguous; best-WP row matches Sec 5.3 per T-REBUILD-0,none,partial (Sec 5.3),OK
pareto_front_case1_chungnam_2019.csv,(legacy; NOT cited by Sec 5.3),INITIAL Chungnam,front min yield 6.704 = Chungnam rainfed; superseded by gimje_2019_soilcorrected,legacy artifact not cited,NO,IGNORE_LEGACY
pareto_front_case2_jeonnam_2022.csv,(legacy; NOT cited by Sec 5.3),INITIAL Jeonnam,front min yield 6.751 = Jeonnam; superseded by hampyeong_2022,legacy artifact not cited,NO,IGNORE_LEGACY
