axis,condition,case,site,year,strategy,baseline_yield_t_ha,perturbed_yield_t_ha,yield_delta_t_ha,yield_delta_pct,baseline_irrigation_mm,perturbed_irrigation_mm,irrigation_delta_mm,irrigation_delta_pct,baseline_WP_kg_m3,perturbed_WP_kg_m3,WP_delta_kg_m3,WP_delta_pct,baseline_grow_precip_mm,perturbed_grow_precip_mm,baseline_irrigation_gt200,perturbed_irrigation_gt200,flag_changed,fc_factor,wp_factor,perturbed_soil_thfc,perturbed_soil_thwp
soil,FC+15,case1_gimje,Gimje,2015,rainfed,3.855829,4.647421,0.791592,20.529752,0.0,0.0,0.0,,0.957637,1.154237,0.1966,20.529752,402.64,402.64,False,False,False,1.15,1.0,0.3519,0.18
soil,FC+15,case1_gimje,Gimje,2015,fixed_7d_80pct,7.008771,7.069827,0.061056,0.87114,238.919438,247.508822,8.589384,3.595096,1.092458,1.087417,-0.005042,-0.46151,402.64,402.64,True,True,False,1.15,1.0,0.3519,0.18
soil,FC+15,case1_gimje,Gimje,2015,deficit_SMT50,6.632798,6.329333,-0.303465,-4.575219,175.0,125.0,-50.0,-28.571429,1.148258,1.199555,0.051297,4.467384,402.64,402.64,False,False,False,1.15,1.0,0.3519,0.18
soil,FC+15,case1_gimje,Gimje,2015,deficit_SMT30,5.015672,5.464056,0.448383,8.939644,75.0,75.0,0.0,0.0,1.050095,1.143969,0.093875,8.939644,402.64,402.64,False,False,False,1.15,1.0,0.3519,0.18
soil,FC+15,case1_gimje,Gimje,2015,full_SMT80,7.168111,7.165597,-0.002514,-0.035065,286.924527,236.763023,-50.161504,-17.482473,1.039513,1.12067,0.081157,7.807236,402.64,402.64,True,True,False,1.15,1.0,0.3519,0.18
soil,FC-15,case1_gimje,Gimje,2015,rainfed,3.855829,1.563498,-2.292331,-59.451049,0.0,0.0,0.0,,0.957637,0.388312,-0.569325,-59.451049,402.64,402.64,False,False,False,0.85,1.0,0.2601,0.18
soil,FC-15,case1_gimje,Gimje,2015,fixed_7d_80pct,7.008771,6.708671,-0.300099,-4.281768,238.919438,231.06766,-7.851778,-3.286371,1.092458,1.058638,-0.03382,-3.095798,402.64,402.64,True,True,False,0.85,1.0,0.2601,0.18
soil,FC-15,case1_gimje,Gimje,2015,deficit_SMT50,6.632798,7.030048,0.39725,5.989183,175.0,238.617833,63.617833,36.353047,1.148258,1.09629,-0.051968,-4.52578,402.64,402.64,False,True,True,0.85,1.0,0.2601,0.18
soil,FC-15,case1_gimje,Gimje,2015,deficit_SMT30,5.015672,6.365058,1.349385,26.903378,75.0,197.240988,122.240988,162.987984,1.050095,1.061053,0.010959,1.043592,402.64,402.64,False,False,False,0.85,1.0,0.2601,0.18
soil,FC-15,case1_gimje,Gimje,2015,full_SMT80,7.168111,7.178369,0.010258,0.143104,286.924527,288.002148,1.077621,0.375576,1.039513,1.039376,-0.000137,-0.013151,402.64,402.64,True,True,False,0.85,1.0,0.2601,0.18
soil,WP+15,case1_gimje,Gimje,2015,rainfed,3.855829,2.802144,-1.053685,-27.327063,0.0,0.0,0.0,,0.957637,0.695943,-0.261694,-27.327063,402.64,402.64,False,False,False,1.0,1.15,0.306,0.207
soil,WP+15,case1_gimje,Gimje,2015,fixed_7d_80pct,7.008771,6.842798,-0.165972,-2.368067,238.919438,238.189666,-0.729772,-0.305447,1.092458,1.067803,-0.024656,-2.256884,402.64,402.64,True,True,False,1.0,1.15,0.306,0.207
soil,WP+15,case1_gimje,Gimje,2015,deficit_SMT50,6.632798,6.942829,0.310031,4.674212,175.0,215.850614,40.850614,23.343208,1.148258,1.122544,-0.025714,-2.239403,402.64,402.64,False,True,True,1.0,1.15,0.306,0.207
soil,WP+15,case1_gimje,Gimje,2015,deficit_SMT30,5.015672,5.363765,0.348093,6.940099,75.0,125.0,50.0,66.666667,1.050095,1.016558,-0.033537,-3.193714,402.64,402.64,False,False,False,1.0,1.15,0.306,0.207
soil,WP+15,case1_gimje,Gimje,2015,full_SMT80,7.168111,7.17663,0.008518,0.118839,286.924527,284.570041,-2.354487,-0.820594,1.039513,1.044314,0.004801,0.461861,402.64,402.64,True,True,False,1.0,1.15,0.306,0.207
soil,WP-15,case1_gimje,Gimje,2015,rainfed,3.855829,4.502352,0.646523,16.767414,0.0,0.0,0.0,,0.957637,1.118208,0.160571,16.767414,402.64,402.64,False,False,False,1.0,0.85,0.306,0.153
soil,WP-15,case1_gimje,Gimje,2015,fixed_7d_80pct,7.008771,7.066067,0.057296,0.817493,238.919438,240.094671,1.175233,0.491895,1.092458,1.099375,0.006917,0.633149,402.64,402.64,True,True,False,1.0,0.85,0.306,0.153
soil,WP-15,case1_gimje,Gimje,2015,deficit_SMT50,6.632798,6.298257,-0.334541,-5.04374,175.0,150.0,-25.0,-14.285714,1.148258,1.139667,-0.008591,-0.748165,402.64,402.64,False,False,False,1.0,0.85,0.306,0.153
soil,WP-15,case1_gimje,Gimje,2015,deficit_SMT30,5.015672,5.384165,0.368492,7.346816,75.0,75.0,0.0,0.0,1.050095,1.127243,0.077149,7.346816,402.64,402.64,False,False,False,1.0,0.85,0.306,0.153
soil,WP-15,case1_gimje,Gimje,2015,full_SMT80,7.168111,7.159164,-0.008947,-0.124811,286.924527,279.668217,-7.25631,-2.528996,1.039513,1.049257,0.009744,0.937357,402.64,402.64,True,True,False,1.0,0.85,0.306,0.153
soil,FC+15_WP+15,case1_gimje,Gimje,2015,rainfed,3.855829,4.086808,0.230979,5.990376,0.0,0.0,0.0,,0.957637,1.015003,0.057366,5.990376,402.64,402.64,False,False,False,1.15,1.15,0.3519,0.207
soil,FC+15_WP+15,case1_gimje,Gimje,2015,fixed_7d_80pct,7.008771,7.028532,0.019762,0.281958,238.919438,246.7501,7.830662,3.277532,1.092458,1.082328,-0.01013,-0.927291,402.64,402.64,True,True,False,1.15,1.15,0.3519,0.207
soil,FC+15_WP+15,case1_gimje,Gimje,2015,deficit_SMT50,6.632798,6.41198,-0.220818,-3.329189,175.0,175.0,0.0,0.0,1.148258,1.11003,-0.038228,-3.329189,402.64,402.64,False,False,False,1.15,1.15,0.3519,0.207
soil,FC+15_WP+15,case1_gimje,Gimje,2015,deficit_SMT30,5.015672,4.990708,-0.024964,-0.497724,75.0,75.0,0.0,0.0,1.050095,1.044868,-0.005227,-0.497724,402.64,402.64,False,False,False,1.15,1.15,0.3519,0.207
soil,FC+15_WP+15,case1_gimje,Gimje,2015,full_SMT80,7.168111,7.163159,-0.004952,-0.069084,286.924527,269.558018,-17.366509,-6.05264,1.039513,1.065632,0.02612,2.512672,402.64,402.64,True,True,False,1.15,1.15,0.3519,0.207
soil,FC+15_WP-15,case1_gimje,Gimje,2015,rainfed,3.855829,5.192372,1.336543,34.662912,0.0,0.0,0.0,,0.957637,1.289582,0.331945,34.662912,402.64,402.64,False,False,False,1.15,0.85,0.3519,0.153
soil,FC+15_WP-15,case1_gimje,Gimje,2015,fixed_7d_80pct,7.008771,7.094896,0.086125,1.228822,238.919438,247.378065,8.458627,3.540368,1.092458,1.091492,-0.000966,-0.08846,402.64,402.64,True,True,False,1.15,0.85,0.3519,0.153
soil,FC+15_WP-15,case1_gimje,Gimje,2015,deficit_SMT50,6.632798,5.93778,-0.695019,-10.478512,175.0,75.0,-100.0,-57.142857,1.148258,1.24315,0.094891,8.263949,402.64,402.64,False,False,False,1.15,0.85,0.3519,0.153
soil,FC+15_WP-15,case1_gimje,Gimje,2015,deficit_SMT30,5.015672,5.811213,0.795541,15.861102,75.0,50.0,-25.0,-33.333333,1.050095,1.283849,0.233754,22.260288,402.64,402.64,False,False,False,1.15,0.85,0.3519,0.153
soil,FC+15_WP-15,case1_gimje,Gimje,2015,full_SMT80,7.168111,7.150778,-0.017333,-0.241805,286.924527,240.979337,-45.94519,-16.012988,1.039513,1.111026,0.071513,6.879499,402.64,402.64,True,True,False,1.15,0.85,0.3519,0.153
soil,FC-15_WP+15,case1_gimje,Gimje,2015,rainfed,3.855829,0.236966,-3.618864,-93.854353,0.0,0.0,0.0,,0.957637,0.058853,-0.898784,-93.854353,402.64,402.64,False,False,False,0.85,1.15,0.2601,0.207
soil,FC-15_WP+15,case1_gimje,Gimje,2015,fixed_7d_80pct,7.008771,6.104376,-0.904395,-12.903761,238.919438,220.807295,-18.112143,-7.580858,1.092458,0.979133,-0.113326,-10.373476,402.64,402.64,True,True,False,0.85,1.15,0.2601,0.207
soil,FC-15_WP+15,case1_gimje,Gimje,2015,deficit_SMT50,6.632798,7.18401,0.551212,8.310397,175.0,269.565756,94.565756,54.037575,1.148258,1.068722,-0.079536,-6.926685,402.64,402.64,False,True,True,0.85,1.15,0.2601,0.207
soil,FC-15_WP+15,case1_gimje,Gimje,2015,deficit_SMT30,5.015672,6.937239,1.921567,38.311247,75.0,229.101507,154.101507,205.468676,1.050095,1.098114,0.048019,4.572809,402.64,402.64,False,True,True,0.85,1.15,0.2601,0.207
soil,FC-15_WP+15,case1_gimje,Gimje,2015,full_SMT80,7.168111,7.186149,0.018038,0.251643,286.924527,300.773665,13.849138,4.826753,1.039513,1.021611,-0.017902,-1.722158,402.64,402.64,True,True,False,0.85,1.15,0.2601,0.207
soil,FC-15_WP-15,case1_gimje,Gimje,2015,rainfed,3.855829,3.675024,-0.180805,-4.689138,0.0,0.0,0.0,,0.957637,0.912732,-0.044905,-4.689138,402.64,402.64,False,False,False,0.85,0.85,0.2601,0.153
soil,FC-15_WP-15,case1_gimje,Gimje,2015,fixed_7d_80pct,7.008771,6.976461,-0.032309,-0.460986,238.919438,233.780735,-5.138703,-2.15081,1.092458,1.096203,0.003744,0.34273,402.64,402.64,True,True,False,0.85,0.85,0.2601,0.153
soil,FC-15_WP-15,case1_gimje,Gimje,2015,deficit_SMT50,6.632798,6.870941,0.238143,3.59038,175.0,197.16972,22.16972,12.668411,1.148258,1.14552,-0.002738,-0.238451,402.64,402.64,False,False,False,0.85,0.85,0.2601,0.153
soil,FC-15_WP-15,case1_gimje,Gimje,2015,deficit_SMT30,5.015672,5.022842,0.007169,0.142937,75.0,75.0,0.0,0.0,1.050095,1.051596,0.001501,0.142937,402.64,402.64,False,False,False,0.85,0.85,0.2601,0.153
soil,FC-15_WP-15,case1_gimje,Gimje,2015,full_SMT80,7.168111,7.168984,0.000873,0.012185,286.924527,287.521073,0.596546,0.20791,1.039513,1.038741,-0.000772,-0.074261,402.64,402.64,True,True,False,0.85,0.85,0.2601,0.153
soil,FC+15,case1_gimje,Gimje,2019,rainfed,6.141774,6.537628,0.395854,6.44527,0.0,0.0,0.0,,0.909839,0.96848,0.058642,6.44527,675.04,675.04,False,False,False,1.15,1.0,0.3519,0.18
soil,FC+15,case1_gimje,Gimje,2019,fixed_7d_80pct,7.240474,7.279402,0.038928,0.537644,143.674913,149.389888,5.714974,3.977712,0.884371,0.882962,-0.001409,-0.159286,675.04,675.04,False,False,False,1.15,1.0,0.3519,0.18
soil,FC+15,case1_gimje,Gimje,2019,deficit_SMT50,7.018063,7.013287,-0.004776,-0.068057,125.0,75.0,-50.0,-40.0,0.877214,0.935055,0.057841,6.593717,675.04,675.04,False,False,False,1.15,1.0,0.3519,0.18
soil,FC+15,case1_gimje,Gimje,2019,deficit_SMT30,6.61346,6.788418,0.174959,2.645494,50.0,50.0,0.0,0.0,0.912151,0.936282,0.024131,2.645494,675.04,675.04,False,False,False,1.15,1.0,0.3519,0.18
soil,FC+15,case1_gimje,Gimje,2019,full_SMT80,7.321754,7.316427,-0.005328,-0.072767,205.063025,179.941339,-25.121686,-12.250715,0.83192,0.855741,0.023821,2.863368,675.04,675.04,True,False,True,1.15,1.0,0.3519,0.18
soil,FC-15,case1_gimje,Gimje,2019,rainfed,6.141774,5.560305,-0.581469,-9.467447,0.0,0.0,0.0,,0.909839,0.8237,-0.086138,-9.467447,675.04,675.04,False,False,False,0.85,1.0,0.2601,0.18
soil,FC-15,case1_gimje,Gimje,2019,fixed_7d_80pct,7.240474,7.094252,-0.146223,-2.019517,143.674913,136.77496,-6.899954,-4.802476,0.884371,0.873875,-0.010495,-1.186741,675.04,675.04,False,False,False,0.85,1.0,0.2601,0.18
soil,FC-15,case1_gimje,Gimje,2019,deficit_SMT50,7.018063,7.297492,0.279429,3.981565,125.0,169.072128,44.072128,35.257702,0.877214,0.864517,-0.012697,-1.447439,675.04,675.04,False,False,False,0.85,1.0,0.2601,0.18
soil,FC-15,case1_gimje,Gimje,2019,deficit_SMT30,6.61346,6.756753,0.143293,2.166692,50.0,125.0,75.0,150.0,0.912151,0.844552,-0.067599,-7.410956,675.04,675.04,False,False,False,0.85,1.0,0.2601,0.18
soil,FC-15,case1_gimje,Gimje,2019,full_SMT80,7.321754,7.332299,0.010545,0.144018,205.063025,210.325766,5.262741,2.566402,0.83192,0.828166,-0.003754,-0.451253,675.04,675.04,True,True,False,0.85,1.0,0.2601,0.18
soil,WP+15,case1_gimje,Gimje,2019,rainfed,6.141774,5.724341,-0.417433,-6.796618,0.0,0.0,0.0,,0.909839,0.848,-0.061838,-6.796618,675.04,675.04,False,False,False,1.0,1.15,0.306,0.207
soil,WP+15,case1_gimje,Gimje,2019,fixed_7d_80pct,7.240474,7.163779,-0.076696,-1.059263,143.674913,142.398184,-1.27673,-0.888624,0.884371,0.876369,-0.008001,-0.904731,675.04,675.04,False,False,False,1.0,1.15,0.306,0.207
soil,WP+15,case1_gimje,Gimje,2019,deficit_SMT50,7.018063,7.194258,0.176195,2.510592,125.0,120.226318,-4.773682,-3.818946,0.877214,0.904635,0.027421,3.125925,675.04,675.04,False,False,False,1.0,1.15,0.306,0.207
soil,WP+15,case1_gimje,Gimje,2019,deficit_SMT30,6.61346,6.533448,-0.080011,-1.209828,50.0,100.0,50.0,100.0,0.912151,0.842982,-0.069169,-7.583058,675.04,675.04,False,False,False,1.0,1.15,0.306,0.207
soil,WP+15,case1_gimje,Gimje,2019,full_SMT80,7.321754,7.331632,0.009877,0.134903,205.063025,208.639908,3.576883,1.744285,0.83192,0.829671,-0.00225,-0.270415,675.04,675.04,True,True,False,1.0,1.15,0.306,0.207
soil,WP-15,case1_gimje,Gimje,2019,rainfed,6.141774,6.476866,0.335092,5.455953,0.0,0.0,0.0,,0.909839,0.959479,0.04964,5.455953,675.04,675.04,False,False,False,1.0,0.85,0.306,0.153
soil,WP-15,case1_gimje,Gimje,2019,fixed_7d_80pct,7.240474,7.2704,0.029925,0.413306,143.674913,145.358532,1.683619,1.171825,0.884371,0.886203,0.001833,0.207239,675.04,675.04,False,False,False,1.0,0.85,0.306,0.153
soil,WP-15,case1_gimje,Gimje,2019,deficit_SMT50,7.018063,6.990512,-0.027551,-0.392577,125.0,75.0,-50.0,-40.0,0.877214,0.932019,0.054805,6.247564,675.04,675.04,False,False,False,1.0,0.85,0.306,0.153
soil,WP-15,case1_gimje,Gimje,2019,deficit_SMT30,6.61346,6.799268,0.185808,2.809546,50.0,50.0,0.0,0.0,0.912151,0.937778,0.025627,2.809546,675.04,675.04,False,False,False,1.0,0.85,0.306,0.153
soil,WP-15,case1_gimje,Gimje,2019,full_SMT80,7.321754,7.323506,0.001752,0.023927,205.063025,193.216797,-11.846228,-5.776872,0.83192,0.843472,0.011552,1.388623,675.04,675.04,True,False,True,1.0,0.85,0.306,0.153
soil,FC+15_WP+15,case1_gimje,Gimje,2019,rainfed,6.141774,6.237043,0.095268,1.551155,0.0,0.0,0.0,,0.909839,0.923952,0.014113,1.551155,675.04,675.04,False,False,False,1.15,1.15,0.3519,0.207
soil,FC+15_WP+15,case1_gimje,Gimje,2019,fixed_7d_80pct,7.240474,7.260853,0.020379,0.281456,143.674913,148.38201,4.707096,3.276213,0.884371,0.88179,-0.002581,-0.291803,675.04,675.04,False,False,False,1.15,1.15,0.3519,0.207
soil,FC+15_WP+15,case1_gimje,Gimje,2019,deficit_SMT50,7.018063,6.964095,-0.053969,-0.768998,125.0,100.0,-25.0,-20.0,0.877214,0.898546,0.021332,2.431836,675.04,675.04,False,False,False,1.15,1.15,0.3519,0.207
soil,FC+15_WP+15,case1_gimje,Gimje,2019,deficit_SMT30,6.61346,6.664831,0.051372,0.776775,50.0,50.0,0.0,0.0,0.912151,0.919236,0.007085,0.776775,675.04,675.04,False,False,False,1.15,1.15,0.3519,0.207
soil,FC+15_WP+15,case1_gimje,Gimje,2019,full_SMT80,7.321754,7.321258,-0.000497,-0.006782,205.063025,222.506105,17.44308,8.506204,0.83192,0.815697,-0.016223,-1.950069,675.04,675.04,True,True,False,1.15,1.15,0.3519,0.207
soil,FC+15_WP-15,case1_gimje,Gimje,2019,rainfed,6.141774,6.730419,0.588645,9.584284,0.0,0.0,0.0,,0.909839,0.99704,0.087202,9.584284,675.04,675.04,False,False,False,1.15,0.85,0.3519,0.153
soil,FC+15_WP-15,case1_gimje,Gimje,2019,fixed_7d_80pct,7.240474,7.288614,0.04814,0.664867,143.674913,150.396342,6.721429,4.67822,0.884371,0.883001,-0.001369,-0.154834,675.04,675.04,False,False,False,1.15,0.85,0.3519,0.153
soil,FC+15_WP-15,case1_gimje,Gimje,2019,deficit_SMT50,7.018063,7.04965,0.031587,0.45008,125.0,50.0,-75.0,-60.0,0.877214,0.972312,0.095098,10.840895,675.04,675.04,False,False,False,1.15,0.85,0.3519,0.153
soil,FC+15_WP-15,case1_gimje,Gimje,2019,deficit_SMT30,6.61346,6.860008,0.246548,3.727978,50.0,25.0,-25.0,-50.0,0.912151,0.979945,0.067794,7.432336,675.04,675.04,False,False,False,1.15,0.85,0.3519,0.153
soil,FC+15_WP-15,case1_gimje,Gimje,2019,full_SMT80,7.321754,7.314985,-0.00677,-0.092463,205.063025,190.027539,-15.035486,-7.332129,0.83192,0.845597,0.013677,1.644,675.04,675.04,True,False,True,1.15,0.85,0.3519,0.153
soil,FC-15_WP+15,case1_gimje,Gimje,2019,rainfed,6.141774,4.889677,-1.252097,-20.386566,0.0,0.0,0.0,,0.909839,0.724354,-0.185485,-20.386566,675.04,675.04,False,False,False,0.85,1.15,0.2601,0.207
soil,FC-15_WP+15,case1_gimje,Gimje,2019,fixed_7d_80pct,7.240474,6.871838,-0.368636,-5.091329,143.674913,131.541174,-12.133739,-8.445273,0.884371,0.851971,-0.0324,-3.663578,675.04,675.04,False,False,False,0.85,1.15,0.2601,0.207
soil,FC-15_WP+15,case1_gimje,Gimje,2019,deficit_SMT50,7.018063,7.334764,0.316701,4.512655,125.0,200.780973,75.780973,60.624779,0.877214,0.837473,-0.039741,-4.53037,675.04,675.04,False,True,True,0.85,1.15,0.2601,0.207
soil,FC-15_WP+15,case1_gimje,Gimje,2019,deficit_SMT30,6.61346,7.15625,0.542791,8.207363,50.0,161.362473,111.362473,222.724946,0.912151,0.855599,-0.056552,-6.199863,675.04,675.04,False,False,False,0.85,1.15,0.2601,0.207
soil,FC-15_WP+15,case1_gimje,Gimje,2019,full_SMT80,7.321754,7.330137,0.008383,0.114488,205.063025,225.949624,20.886599,10.185453,0.83192,0.813565,-0.018355,-2.20635,675.04,675.04,True,True,False,0.85,1.15,0.2601,0.207
soil,FC-15_WP-15,case1_gimje,Gimje,2019,rainfed,6.141774,6.044273,-0.097501,-1.587505,0.0,0.0,0.0,,0.909839,0.895395,-0.014444,-1.587505,675.04,675.04,False,False,False,0.85,0.85,0.2601,0.153
soil,FC-15_WP-15,case1_gimje,Gimje,2019,fixed_7d_80pct,7.240474,7.213507,-0.026968,-0.372455,143.674913,138.738853,-4.93606,-3.435575,0.884371,0.886421,0.00205,0.231846,675.04,675.04,False,False,False,0.85,0.85,0.2601,0.153
soil,FC-15_WP-15,case1_gimje,Gimje,2019,deficit_SMT50,7.018063,7.122123,0.104059,1.482733,125.0,124.793056,-0.206944,-0.165555,0.877214,0.890451,0.013237,1.50899,675.04,675.04,False,False,False,0.85,0.85,0.2601,0.153
soil,FC-15_WP-15,case1_gimje,Gimje,2019,deficit_SMT30,6.61346,6.623744,0.010284,0.155507,50.0,50.0,0.0,0.0,0.912151,0.913569,0.001418,0.155507,675.04,675.04,False,False,False,0.85,0.85,0.2601,0.153
soil,FC-15_WP-15,case1_gimje,Gimje,2019,full_SMT80,7.321754,7.329249,0.007495,0.10236,205.063025,206.526237,1.463212,0.713543,0.83192,0.831389,-0.000531,-0.063788,675.04,675.04,True,True,False,0.85,0.85,0.2601,0.153
soil,FC+15,case1_gimje,Gimje,2022,rainfed,6.260741,6.680669,0.419928,6.707324,0.0,0.0,0.0,,0.85054,0.907589,0.057048,6.707324,736.09,736.09,False,False,False,1.15,1.0,0.3519,0.18
soil,FC+15,case1_gimje,Gimje,2022,fixed_7d_80pct,7.25211,7.336439,0.08433,1.162828,93.541868,97.45864,3.916771,4.187185,0.874136,0.880145,0.006009,0.687473,736.09,736.09,False,False,False,1.15,1.0,0.3519,0.18
soil,FC+15,case1_gimje,Gimje,2022,deficit_SMT50,7.219958,6.784056,-0.435901,-6.037448,100.0,25.0,-75.0,-75.0,0.863538,0.891361,0.027822,3.221893,736.09,736.09,False,False,False,1.15,1.0,0.3519,0.18
soil,FC+15,case1_gimje,Gimje,2022,deficit_SMT30,6.260741,6.680669,0.419928,6.707324,0.0,0.0,0.0,,0.85054,0.907589,0.057048,6.707324,736.09,736.09,False,False,False,1.15,1.0,0.3519,0.18
soil,FC+15,case1_gimje,Gimje,2022,full_SMT80,7.430382,7.429229,-0.001153,-0.015521,129.618126,145.732231,16.114106,12.431985,0.858301,0.842486,-0.015815,-1.842602,736.09,736.09,False,False,False,1.15,1.0,0.3519,0.18
soil,FC-15,case1_gimje,Gimje,2022,rainfed,6.260741,5.907888,-0.352852,-5.635951,0.0,0.0,0.0,,0.85054,0.802604,-0.047936,-5.635951,736.09,736.09,False,False,False,0.85,1.0,0.2601,0.18
soil,FC-15,case1_gimje,Gimje,2022,fixed_7d_80pct,7.25211,6.983977,-0.268133,-3.69731,93.541868,88.783011,-4.758857,-5.087409,0.874136,0.846673,-0.027463,-3.14172,736.09,736.09,False,False,False,0.85,1.0,0.2601,0.18
soil,FC-15,case1_gimje,Gimje,2022,deficit_SMT50,7.219958,7.323687,0.10373,1.43671,100.0,96.519147,-3.480853,-3.480853,0.863538,0.879607,0.016069,1.860782,736.09,736.09,False,False,False,0.85,1.0,0.2601,0.18
soil,FC-15,case1_gimje,Gimje,2022,deficit_SMT30,6.260741,6.93587,0.67513,10.783544,0.0,98.536306,98.536306,,0.85054,0.831015,-0.019525,-2.295604,736.09,736.09,False,False,False,0.85,1.0,0.2601,0.18
soil,FC-15,case1_gimje,Gimje,2022,full_SMT80,7.430382,7.442583,0.012201,0.164205,129.618126,165.761382,36.143257,27.884415,0.858301,0.825256,-0.033045,-3.850049,736.09,736.09,False,False,False,0.85,1.0,0.2601,0.18
soil,WP+15,case1_gimje,Gimje,2022,rainfed,6.260741,5.980736,-0.280004,-4.472386,0.0,0.0,0.0,,0.85054,0.812501,-0.038039,-4.472386,736.09,736.09,False,False,False,1.0,1.15,0.306,0.207
soil,WP+15,case1_gimje,Gimje,2022,fixed_7d_80pct,7.25211,7.089593,-0.162516,-2.240954,93.541868,93.176507,-0.365362,-0.390586,0.874136,0.854923,-0.019212,-2.197883,736.09,736.09,False,False,False,1.0,1.15,0.306,0.207
soil,WP+15,case1_gimje,Gimje,2022,deficit_SMT50,7.219958,7.238824,0.018867,0.261313,100.0,117.836613,17.836613,17.836613,0.863538,0.84771,-0.015828,-1.832921,736.09,736.09,False,False,False,1.0,1.15,0.306,0.207
soil,WP+15,case1_gimje,Gimje,2022,deficit_SMT30,6.260741,6.725383,0.464642,7.421521,0.0,50.0,50.0,,0.85054,0.855549,0.005009,0.588873,736.09,736.09,False,False,False,1.0,1.15,0.306,0.207
soil,WP+15,case1_gimje,Gimje,2022,full_SMT80,7.430382,7.438341,0.007959,0.107109,129.618126,159.951687,30.333561,23.402253,0.858301,0.830133,-0.028168,-3.281801,736.09,736.09,False,False,False,1.0,1.15,0.306,0.207
soil,WP-15,case1_gimje,Gimje,2022,rainfed,6.260741,6.623295,0.362554,5.79091,0.0,0.0,0.0,,0.85054,0.899794,0.049254,5.79091,736.09,736.09,False,False,False,1.0,0.85,0.306,0.153
soil,WP-15,case1_gimje,Gimje,2022,fixed_7d_80pct,7.25211,7.316458,0.064348,0.887302,93.541868,93.814155,0.272287,0.291086,0.874136,0.881603,0.007467,0.854202,736.09,736.09,False,False,False,1.0,0.85,0.306,0.153
soil,WP-15,case1_gimje,Gimje,2022,deficit_SMT50,7.219958,6.734941,-0.485016,-6.717718,100.0,25.0,-75.0,-75.0,0.863538,0.884907,0.021369,2.474587,736.09,736.09,False,False,False,1.0,0.85,0.306,0.153
soil,WP-15,case1_gimje,Gimje,2022,deficit_SMT30,6.260741,6.623295,0.362554,5.79091,0.0,0.0,0.0,,0.85054,0.899794,0.049254,5.79091,736.09,736.09,False,False,False,1.0,0.85,0.306,0.153
soil,WP-15,case1_gimje,Gimje,2022,full_SMT80,7.430382,7.430741,0.000359,0.004828,129.618126,138.249842,8.631716,6.659344,0.858301,0.849869,-0.008432,-0.982447,736.09,736.09,False,False,False,1.0,0.85,0.306,0.153
soil,FC+15_WP+15,case1_gimje,Gimje,2022,rainfed,6.260741,6.330278,0.069537,1.110685,0.0,0.0,0.0,,0.85054,0.859987,0.009447,1.110685,736.09,736.09,False,False,False,1.15,1.15,0.3519,0.207
soil,FC+15_WP+15,case1_gimje,Gimje,2022,fixed_7d_80pct,7.25211,7.289871,0.037762,0.520699,93.541868,97.179049,3.637181,3.888292,0.874136,0.874852,0.000716,0.081931,736.09,736.09,False,False,False,1.15,1.15,0.3519,0.207
soil,FC+15_WP+15,case1_gimje,Gimje,2022,deficit_SMT50,7.219958,7.056645,-0.163313,-2.261962,100.0,50.0,-50.0,-50.0,0.863538,0.897689,0.034151,3.954758,736.09,736.09,False,False,False,1.15,1.15,0.3519,0.207
soil,FC+15_WP+15,case1_gimje,Gimje,2022,deficit_SMT30,6.260741,6.330278,0.069537,1.110685,0.0,0.0,0.0,,0.85054,0.859987,0.009447,1.110685,736.09,736.09,False,False,False,1.15,1.15,0.3519,0.207
soil,FC+15_WP+15,case1_gimje,Gimje,2022,full_SMT80,7.430382,7.434116,0.003734,0.050249,129.618126,134.366128,4.748003,3.66307,0.858301,0.854048,-0.004253,-0.495486,736.09,736.09,False,False,False,1.15,1.15,0.3519,0.207
soil,FC+15_WP-15,case1_gimje,Gimje,2022,rainfed,6.260741,6.937828,0.677087,10.81481,0.0,0.0,0.0,,0.85054,0.942524,0.091984,10.81481,736.09,736.09,False,False,False,1.15,0.85,0.3519,0.153
soil,FC+15_WP-15,case1_gimje,Gimje,2022,fixed_7d_80pct,7.25211,7.363251,0.111142,1.532543,93.541868,97.801096,4.259228,4.553285,0.874136,0.882999,0.008863,1.01395,736.09,736.09,False,False,False,1.15,0.85,0.3519,0.153
soil,FC+15_WP-15,case1_gimje,Gimje,2022,deficit_SMT50,7.219958,6.975302,-0.244656,-3.388603,100.0,25.0,-75.0,-75.0,0.863538,0.916488,0.05295,6.131762,736.09,736.09,False,False,False,1.15,0.85,0.3519,0.153
soil,FC+15_WP-15,case1_gimje,Gimje,2022,deficit_SMT30,6.260741,6.937828,0.677087,10.81481,0.0,0.0,0.0,,0.85054,0.942524,0.091984,10.81481,736.09,736.09,False,False,False,1.15,0.85,0.3519,0.153
soil,FC+15_WP-15,case1_gimje,Gimje,2022,full_SMT80,7.430382,7.416826,-0.013556,-0.182443,129.618126,119.107343,-10.510782,-8.109038,0.858301,0.867265,0.008964,1.044362,736.09,736.09,False,False,False,1.15,0.85,0.3519,0.153
soil,FC-15_WP+15,case1_gimje,Gimje,2022,rainfed,6.260741,5.201239,-1.059502,-16.922947,0.0,0.0,0.0,,0.85054,0.706604,-0.143936,-16.922947,736.09,736.09,False,False,False,0.85,1.15,0.2601,0.207
soil,FC-15_WP+15,case1_gimje,Gimje,2022,fixed_7d_80pct,7.25211,6.567453,-0.684656,-9.440789,93.541868,85.143114,-8.398754,-8.978605,0.874136,0.799706,-0.07443,-8.514639,736.09,736.09,False,False,False,0.85,1.15,0.2601,0.207
soil,FC-15_WP+15,case1_gimje,Gimje,2022,deficit_SMT50,7.219958,7.433598,0.21364,2.959024,100.0,129.89201,29.89201,29.89201,0.863538,0.858401,-0.005137,-0.594921,736.09,736.09,False,False,False,0.85,1.15,0.2601,0.207
soil,FC-15_WP+15,case1_gimje,Gimje,2022,deficit_SMT30,6.260741,7.247922,0.987182,15.767808,0.0,128.995142,128.995142,,0.85054,0.837828,-0.012712,-1.494637,736.09,736.09,False,False,False,0.85,1.15,0.2601,0.207
soil,FC-15_WP+15,case1_gimje,Gimje,2022,full_SMT80,7.430382,7.440145,0.009763,0.131391,129.618126,186.333502,56.715377,43.755745,0.858301,0.806587,-0.051714,-6.025206,736.09,736.09,False,False,False,0.85,1.15,0.2601,0.207
soil,FC-15_WP-15,case1_gimje,Gimje,2022,rainfed,6.260741,6.274172,0.013431,0.214529,0.0,0.0,0.0,,0.85054,0.852365,0.001825,0.214529,736.09,736.09,False,False,False,0.85,0.85,0.2601,0.153
soil,FC-15_WP-15,case1_gimje,Gimje,2022,fixed_7d_80pct,7.25211,7.191896,-0.060214,-0.830295,93.541868,89.007042,-4.534826,-4.84791,0.874136,0.871642,-0.002493,-0.285247,736.09,736.09,False,False,False,0.85,0.85,0.2601,0.153
soil,FC-15_WP-15,case1_gimje,Gimje,2022,deficit_SMT50,7.219958,7.158235,-0.061723,-0.854893,100.0,98.614733,-1.385267,-1.385267,0.863538,0.857577,-0.005961,-0.690353,736.09,736.09,False,False,False,0.85,0.85,0.2601,0.153
soil,FC-15_WP-15,case1_gimje,Gimje,2022,deficit_SMT30,6.260741,6.352235,0.091495,1.461401,0.0,25.0,25.0,,0.85054,0.834623,-0.015917,-1.871365,736.09,736.09,False,False,False,0.85,0.85,0.2601,0.153
soil,FC-15_WP-15,case1_gimje,Gimje,2022,full_SMT80,7.430382,7.437524,0.007142,0.096115,129.618126,151.417322,21.799197,16.818016,0.858301,0.838024,-0.020277,-2.362473,736.09,736.09,False,False,False,0.85,0.85,0.2601,0.153
soil,FC+15,case2_hampyeong,Hampyeong,2015,rainfed,6.015889,6.770829,0.75494,12.549104,0.0,0.0,0.0,,1.040991,1.171626,0.130635,12.549104,577.9,577.9,False,False,False,1.15,1.0,0.3703,0.19
soil,FC+15,case2_hampyeong,Hampyeong,2015,fixed_7d_80pct,7.138466,7.151514,0.013048,0.182784,142.761903,150.790901,8.028998,5.624048,0.990543,0.981419,-0.009124,-0.921069,577.9,577.9,False,False,False,1.15,1.0,0.3703,0.19
soil,FC+15,case2_hampyeong,Hampyeong,2015,deficit_SMT50,6.772364,6.857348,0.084984,1.254872,75.0,25.0,-50.0,-66.666667,1.037274,1.137394,0.10012,9.652191,577.9,577.9,False,False,False,1.15,1.0,0.3703,0.19
soil,FC+15,case2_hampyeong,Hampyeong,2015,deficit_SMT30,6.361558,6.770829,0.409272,6.433514,25.0,0.0,-25.0,-100.0,1.05516,1.171626,0.116467,11.037837,577.9,577.9,False,False,False,1.15,1.0,0.3703,0.19
soil,FC+15,case2_hampyeong,Hampyeong,2015,full_SMT80,7.166865,7.161786,-0.005079,-0.070863,149.313758,103.727755,-45.586003,-30.530343,0.985524,1.050689,0.065165,6.612213,577.9,577.9,False,False,False,1.15,1.0,0.3703,0.19
soil,FC-15,case2_hampyeong,Hampyeong,2015,rainfed,6.015889,4.593882,-1.422007,-23.637519,0.0,0.0,0.0,,1.040991,0.794927,-0.246065,-23.637519,577.9,577.9,False,False,False,0.85,1.0,0.2737,0.19
soil,FC-15,case2_hampyeong,Hampyeong,2015,fixed_7d_80pct,7.138466,7.098469,-0.039997,-0.560299,142.761903,136.934935,-5.826968,-4.081599,0.990543,0.993022,0.002479,0.250283,577.9,577.9,False,False,False,0.85,1.0,0.2737,0.19
soil,FC-15,case2_hampyeong,Hampyeong,2015,deficit_SMT50,6.772364,7.066012,0.293648,4.335974,75.0,124.752503,49.752503,66.33667,1.037274,1.00562,-0.031655,-3.051712,577.9,577.9,False,False,False,0.85,1.0,0.2737,0.19
soil,FC-15,case2_hampyeong,Hampyeong,2015,deficit_SMT30,6.361558,5.592124,-0.769434,-12.09505,25.0,50.0,25.0,100.0,1.05516,0.890607,-0.164552,-15.595008,577.9,577.9,False,False,False,0.85,1.0,0.2737,0.19
soil,FC-15,case2_hampyeong,Hampyeong,2015,full_SMT80,7.166865,7.171309,0.004444,0.062009,149.313758,140.49044,-8.823318,-5.909246,0.985524,0.998247,0.012723,1.290977,577.9,577.9,False,False,False,0.85,1.0,0.2737,0.19
soil,WP+15,case2_hampyeong,Hampyeong,2015,rainfed,6.015889,5.071428,-0.944462,-15.699452,0.0,0.0,0.0,,1.040991,0.877561,-0.16343,-15.699452,577.9,577.9,False,False,False,1.0,1.15,0.322,0.2185
soil,WP+15,case2_hampyeong,Hampyeong,2015,fixed_7d_80pct,7.138466,7.115976,-0.02249,-0.315051,142.761903,141.793375,-0.968528,-0.678422,0.990543,0.988751,-0.001792,-0.1809,577.9,577.9,False,False,False,1.0,1.15,0.322,0.2185
soil,WP+15,case2_hampyeong,Hampyeong,2015,deficit_SMT50,6.772364,6.869877,0.097514,1.439875,75.0,97.080147,22.080147,29.440197,1.037274,1.01779,-0.019485,-1.878456,577.9,577.9,False,False,False,1.0,1.15,0.322,0.2185
soil,WP+15,case2_hampyeong,Hampyeong,2015,deficit_SMT30,6.361558,5.762621,-0.598937,-9.414941,25.0,50.0,25.0,100.0,1.05516,0.917761,-0.137399,-13.021608,577.9,577.9,False,False,False,1.0,1.15,0.322,0.2185
soil,WP+15,case2_hampyeong,Hampyeong,2015,full_SMT80,7.166865,7.16912,0.002255,0.031464,149.313758,157.329076,8.015319,5.368105,0.985524,0.975087,-0.010437,-1.059058,577.9,577.9,False,False,False,1.0,1.15,0.322,0.2185
soil,WP-15,case2_hampyeong,Hampyeong,2015,rainfed,6.015889,6.635612,0.619722,10.301426,0.0,0.0,0.0,,1.040991,1.148228,0.107237,10.301426,577.9,577.9,False,False,False,1.0,0.85,0.322,0.1615
soil,WP-15,case2_hampyeong,Hampyeong,2015,fixed_7d_80pct,7.138466,7.149179,0.010714,0.150087,142.761903,143.861208,1.099305,0.770027,0.990543,0.990519,-2.4e-05,-0.002451,577.9,577.9,False,False,False,1.0,0.85,0.322,0.1615
soil,WP-15,case2_hampyeong,Hampyeong,2015,deficit_SMT50,6.772364,6.778456,0.006092,0.089958,75.0,25.0,-50.0,-66.666667,1.037274,1.124309,0.087034,8.390668,577.9,577.9,False,False,False,1.0,0.85,0.322,0.1615
soil,WP-15,case2_hampyeong,Hampyeong,2015,deficit_SMT30,6.361558,6.79243,0.430872,6.773064,25.0,25.0,0.0,0.0,1.05516,1.126626,0.071467,6.773064,577.9,577.9,False,False,False,1.0,0.85,0.322,0.1615
soil,WP-15,case2_hampyeong,Hampyeong,2015,full_SMT80,7.166865,7.164715,-0.00215,-0.030002,149.313758,113.279408,-36.034349,-24.133308,0.985524,1.036593,0.051069,5.181892,577.9,577.9,False,False,False,1.0,0.85,0.322,0.1615
soil,FC+15_WP+15,case2_hampyeong,Hampyeong,2015,rainfed,6.015889,6.336707,0.320818,5.332842,0.0,0.0,0.0,,1.040991,1.096506,0.055514,5.332842,577.9,577.9,False,False,False,1.15,1.15,0.3703,0.2185
soil,FC+15_WP+15,case2_hampyeong,Hampyeong,2015,fixed_7d_80pct,7.138466,7.143316,0.004851,0.067953,142.761903,150.06145,7.299548,5.113092,0.990543,0.981277,-0.009266,-0.935466,577.9,577.9,False,False,False,1.15,1.15,0.3703,0.2185
soil,FC+15_WP+15,case2_hampyeong,Hampyeong,2015,deficit_SMT50,6.772364,6.674642,-0.097721,-1.442945,75.0,75.0,0.0,0.0,1.037274,1.022307,-0.014967,-1.442945,577.9,577.9,False,False,False,1.15,1.15,0.3703,0.2185
soil,FC+15_WP+15,case2_hampyeong,Hampyeong,2015,deficit_SMT30,6.361558,6.567762,0.206205,3.241417,25.0,25.0,0.0,0.0,1.05516,1.089362,0.034202,3.241417,577.9,577.9,False,False,False,1.15,1.15,0.3703,0.2185
soil,FC+15_WP+15,case2_hampyeong,Hampyeong,2015,full_SMT80,7.166865,7.163576,-0.003289,-0.045892,149.313758,137.990539,-11.323219,-7.583507,0.985524,1.000652,0.015129,1.535079,577.9,577.9,False,False,False,1.15,1.15,0.3703,0.2185
soil,FC+15_WP-15,case2_hampyeong,Hampyeong,2015,rainfed,6.015889,7.029529,1.01364,16.849377,0.0,0.0,0.0,,1.040991,1.216392,0.175401,16.849377,577.9,577.9,False,False,False,1.15,0.85,0.3703,0.1615
soil,FC+15_WP-15,case2_hampyeong,Hampyeong,2015,fixed_7d_80pct,7.138466,7.156184,0.017718,0.248208,142.761903,151.460588,8.698685,6.093142,0.990543,0.981159,-0.009384,-0.947397,577.9,577.9,False,False,False,1.15,0.85,0.3703,0.1615
soil,FC+15_WP-15,case2_hampyeong,Hampyeong,2015,deficit_SMT50,6.772364,7.023977,0.251614,3.715299,75.0,25.0,-50.0,-66.666667,1.037274,1.165032,0.127758,12.316668,577.9,577.9,False,False,False,1.15,0.85,0.3703,0.1615
soil,FC+15_WP-15,case2_hampyeong,Hampyeong,2015,deficit_SMT30,6.361558,7.029529,0.667971,10.500123,25.0,0.0,-25.0,-100.0,1.05516,1.216392,0.161232,15.280367,577.9,577.9,False,False,False,1.15,0.85,0.3703,0.1615
soil,FC+15_WP-15,case2_hampyeong,Hampyeong,2015,full_SMT80,7.166865,7.158959,-0.007906,-0.11031,149.313758,127.464283,-21.849474,-14.633263,0.985524,1.014931,0.029407,2.983889,577.9,577.9,False,False,False,1.15,0.85,0.3703,0.1615
soil,FC-15_WP+15,case2_hampyeong,Hampyeong,2015,rainfed,6.015889,2.722526,-3.293363,-54.744409,0.0,0.0,0.0,,1.040991,0.471107,-0.569885,-54.744409,577.9,577.9,False,False,False,0.85,1.15,0.2737,0.2185
soil,FC-15_WP+15,case2_hampyeong,Hampyeong,2015,fixed_7d_80pct,7.138466,6.936879,-0.201587,-2.823952,142.761903,134.373893,-8.38801,-5.875524,0.990543,0.973906,-0.016637,-1.67957,577.9,577.9,False,False,False,0.85,1.15,0.2737,0.2185
soil,FC-15_WP+15,case2_hampyeong,Hampyeong,2015,deficit_SMT50,6.772364,7.127339,0.354975,5.241518,75.0,110.217646,35.217646,46.956862,1.037274,1.035773,-0.001501,-0.14471,577.9,577.9,False,False,False,0.85,1.15,0.2737,0.2185
soil,FC-15_WP+15,case2_hampyeong,Hampyeong,2015,deficit_SMT30,6.361558,6.797939,0.436381,6.859659,25.0,114.17528,89.17528,356.701119,1.05516,0.982254,-0.072905,-6.909422,577.9,577.9,False,False,False,0.85,1.15,0.2737,0.2185
soil,FC-15_WP+15,case2_hampyeong,Hampyeong,2015,full_SMT80,7.166865,7.171734,0.004869,0.067943,149.313758,162.432024,13.118267,8.785705,0.985524,0.968719,-0.016805,-1.705205,577.9,577.9,False,False,False,0.85,1.15,0.2737,0.2185
soil,FC-15_WP-15,case2_hampyeong,Hampyeong,2015,rainfed,6.015889,5.616071,-0.399818,-6.646041,0.0,0.0,0.0,,1.040991,0.971807,-0.069185,-6.646041,577.9,577.9,False,False,False,0.85,0.85,0.2737,0.1615
soil,FC-15_WP-15,case2_hampyeong,Hampyeong,2015,fixed_7d_80pct,7.138466,7.134567,-0.003899,-0.054616,142.761903,137.832337,-4.929565,-3.452998,0.990543,0.996821,0.006278,0.633752,577.9,577.9,False,False,False,0.85,0.85,0.2737,0.1615
soil,FC-15_WP-15,case2_hampyeong,Hampyeong,2015,deficit_SMT50,6.772364,6.91939,0.147026,2.170974,75.0,75.0,0.0,0.0,1.037274,1.059793,0.022519,2.170974,577.9,577.9,False,False,False,0.85,0.85,0.2737,0.1615
soil,FC-15_WP-15,case2_hampyeong,Hampyeong,2015,deficit_SMT30,6.361558,6.177657,-0.183901,-2.890812,25.0,25.0,0.0,0.0,1.05516,1.024657,-0.030503,-2.890812,577.9,577.9,False,False,False,0.85,0.85,0.2737,0.1615
soil,FC-15_WP-15,case2_hampyeong,Hampyeong,2015,full_SMT80,7.166865,7.17044,0.003575,0.049878,149.313758,159.997147,10.68339,7.154994,0.985524,0.97174,-0.013784,-1.39866,577.9,577.9,False,False,False,0.85,0.85,0.2737,0.1615
soil,FC+15,case2_hampyeong,Hampyeong,2019,rainfed,7.196797,7.263488,0.066691,0.926683,0.0,0.0,0.0,,0.873588,0.881684,0.008095,0.926683,823.82,823.82,False,False,False,1.15,1.0,0.3703,0.19
soil,FC+15,case2_hampyeong,Hampyeong,2019,fixed_7d_80pct,7.307054,7.315571,0.008517,0.116562,114.189612,123.17903,8.989417,7.87236,0.778996,0.7725,-0.006495,-0.833797,823.82,823.82,False,False,False,1.15,1.0,0.3703,0.19
soil,FC+15,case2_hampyeong,Hampyeong,2019,deficit_SMT50,7.30513,7.275359,-0.029771,-0.407536,50.0,25.0,-25.0,-50.0,0.835999,0.857115,0.021115,2.525726,823.82,823.82,False,False,False,1.15,1.0,0.3703,0.19
soil,FC+15,case2_hampyeong,Hampyeong,2019,deficit_SMT30,7.196797,7.263488,0.066691,0.926683,0.0,0.0,0.0,,0.873588,0.881684,0.008095,0.926683,823.82,823.82,False,False,False,1.15,1.0,0.3703,0.19
soil,FC+15,case2_hampyeong,Hampyeong,2019,full_SMT80,7.325232,7.322159,-0.003073,-0.041957,117.126119,113.582548,-3.543571,-3.025432,0.778496,0.781111,0.002615,0.335904,823.82,823.82,False,False,False,1.15,1.0,0.3703,0.19
soil,FC-15,case2_hampyeong,Hampyeong,2019,rainfed,7.196797,6.807183,-0.389614,-5.413709,0.0,0.0,0.0,,0.873588,0.826295,-0.047294,-5.413709,823.82,823.82,False,False,False,0.85,1.0,0.2737,0.19
soil,FC-15,case2_hampyeong,Hampyeong,2019,fixed_7d_80pct,7.307054,7.280241,-0.026812,-0.366938,114.189612,104.453252,-9.73636,-8.526485,0.778996,0.784278,0.005282,0.678082,823.82,823.82,False,False,False,0.85,1.0,0.2737,0.19
soil,FC-15,case2_hampyeong,Hampyeong,2019,deficit_SMT50,7.30513,7.253265,-0.051866,-0.709988,50.0,86.905436,36.905436,73.810872,0.835999,0.796427,-0.039572,-4.733529,823.82,823.82,False,False,False,0.85,1.0,0.2737,0.19
soil,FC-15,case2_hampyeong,Hampyeong,2019,deficit_SMT30,7.196797,7.182133,-0.014664,-0.203754,0.0,50.0,50.0,,0.873588,0.821924,-0.051665,-5.914097,823.82,823.82,False,False,False,0.85,1.0,0.2737,0.19
soil,FC-15,case2_hampyeong,Hampyeong,2019,full_SMT80,7.325232,7.329809,0.004576,0.062475,117.126119,128.541196,11.415076,9.74597,0.778496,0.769646,-0.008851,-1.136881,823.82,823.82,False,False,False,0.85,1.0,0.2737,0.19
soil,WP+15,case2_hampyeong,Hampyeong,2019,rainfed,7.196797,7.000464,-0.196333,-2.728061,0.0,0.0,0.0,,0.873588,0.849756,-0.023832,-2.728061,823.82,823.82,False,False,False,1.0,1.15,0.322,0.2185
soil,WP+15,case2_hampyeong,Hampyeong,2019,fixed_7d_80pct,7.307054,7.290862,-0.016192,-0.221592,114.189612,112.070718,-2.118894,-1.855592,0.778996,0.779029,3.4e-05,0.00431,823.82,823.82,False,False,False,1.0,1.15,0.322,0.2185
soil,WP+15,case2_hampyeong,Hampyeong,2019,deficit_SMT50,7.30513,7.254266,-0.050864,-0.696283,50.0,75.0,25.0,50.0,0.835999,0.807088,-0.028912,-3.458341,823.82,823.82,False,False,False,1.0,1.15,0.322,0.2185
soil,WP+15,case2_hampyeong,Hampyeong,2019,deficit_SMT30,7.196797,7.187207,-0.00959,-0.133254,0.0,50.0,50.0,,0.873588,0.822504,-0.051084,-5.847631,823.82,823.82,False,False,False,1.0,1.15,0.322,0.2185
soil,WP+15,case2_hampyeong,Hampyeong,2019,full_SMT80,7.325232,7.328565,0.003332,0.045493,117.126119,145.72913,28.603011,24.420694,0.778496,0.755873,-0.022623,-2.905984,823.82,823.82,False,False,False,1.0,1.15,0.322,0.2185
soil,WP-15,case2_hampyeong,Hampyeong,2019,rainfed,7.196797,7.257267,0.06047,0.840236,0.0,0.0,0.0,,0.873588,0.880929,0.00734,0.840236,823.82,823.82,False,False,False,1.0,0.85,0.322,0.1615
soil,WP-15,case2_hampyeong,Hampyeong,2019,fixed_7d_80pct,7.307054,7.314175,0.007121,0.097454,114.189612,115.159118,0.969505,0.849031,0.778996,0.77895,-4.6e-05,-0.005897,823.82,823.82,False,False,False,1.0,0.85,0.322,0.1615
soil,WP-15,case2_hampyeong,Hampyeong,2019,deficit_SMT50,7.30513,7.298343,-0.006787,-0.09291,50.0,25.0,-25.0,-50.0,0.835999,0.859822,0.023823,2.849619,823.82,823.82,False,False,False,1.0,0.85,0.322,0.1615
soil,WP-15,case2_hampyeong,Hampyeong,2019,deficit_SMT30,7.196797,7.257267,0.06047,0.840236,0.0,0.0,0.0,,0.873588,0.880929,0.00734,0.840236,823.82,823.82,False,False,False,1.0,0.85,0.322,0.1615
soil,WP-15,case2_hampyeong,Hampyeong,2019,full_SMT80,7.325232,7.323776,-0.001457,-0.019885,117.126119,107.482475,-9.643644,-8.233555,0.778496,0.786401,0.007905,1.01541,823.82,823.82,False,False,False,1.0,0.85,0.322,0.1615
soil,FC+15_WP+15,case2_hampyeong,Hampyeong,2019,rainfed,7.196797,7.217838,0.021041,0.292371,0.0,0.0,0.0,,0.873588,0.876143,0.002554,0.292371,823.82,823.82,False,False,False,1.15,1.15,0.3703,0.2185
soil,FC+15_WP+15,case2_hampyeong,Hampyeong,2019,fixed_7d_80pct,7.307054,7.31037,0.003316,0.045381,114.189612,122.499398,8.309786,7.277182,0.778996,0.772506,-0.00649,-0.833134,823.82,823.82,False,False,False,1.15,1.15,0.3703,0.2185
soil,FC+15_WP+15,case2_hampyeong,Hampyeong,2019,deficit_SMT50,7.30513,7.287586,-0.017545,-0.240171,50.0,50.0,0.0,0.0,0.835999,0.833992,-0.002008,-0.240171,823.82,823.82,False,False,False,1.15,1.15,0.3703,0.2185
soil,FC+15_WP+15,case2_hampyeong,Hampyeong,2019,deficit_SMT30,7.196797,7.217838,0.021041,0.292371,0.0,0.0,0.0,,0.873588,0.876143,0.002554,0.292371,823.82,823.82,False,False,False,1.15,1.15,0.3703,0.2185
soil,FC+15_WP+15,case2_hampyeong,Hampyeong,2019,full_SMT80,7.325232,7.326382,0.00115,0.0157,117.126119,125.992079,8.86596,7.569584,0.778496,0.771351,-0.007146,-0.91789,823.82,823.82,False,False,False,1.15,1.15,0.3703,0.2185
soil,FC+15_WP-15,case2_hampyeong,Hampyeong,2019,rainfed,7.196797,7.285799,0.089002,1.236696,0.0,0.0,0.0,,0.873588,0.884392,0.010804,1.236696,823.82,823.82,False,False,False,1.15,0.85,0.3703,0.1615
soil,FC+15_WP-15,case2_hampyeong,Hampyeong,2019,fixed_7d_80pct,7.307054,7.31867,0.011616,0.15897,114.189612,123.748813,9.559201,8.371341,0.778996,0.772363,-0.006633,-0.851447,823.82,823.82,False,False,False,1.15,0.85,0.3703,0.1615
soil,FC+15_WP-15,case2_hampyeong,Hampyeong,2019,deficit_SMT50,7.30513,7.285799,-0.019331,-0.264626,50.0,0.0,-50.0,-100.0,0.835999,0.884392,0.048393,5.7886,823.82,823.82,False,False,False,1.15,0.85,0.3703,0.1615
soil,FC+15_WP-15,case2_hampyeong,Hampyeong,2019,deficit_SMT30,7.196797,7.285799,0.089002,1.236696,0.0,0.0,0.0,,0.873588,0.884392,0.010804,1.236696,823.82,823.82,False,False,False,1.15,0.85,0.3703,0.1615
soil,FC+15_WP-15,case2_hampyeong,Hampyeong,2019,full_SMT80,7.325232,7.319778,-0.005454,-0.074455,117.126119,113.003398,-4.122721,-3.519899,0.778496,0.78134,0.002844,0.365292,823.82,823.82,False,False,False,1.15,0.85,0.3703,0.1615
soil,FC-15_WP+15,case2_hampyeong,Hampyeong,2019,rainfed,7.196797,5.974091,-1.222706,-16.989588,0.0,0.0,0.0,,0.873588,0.725169,-0.148419,-16.989588,823.82,823.82,False,False,False,0.85,1.15,0.2737,0.2185
soil,FC-15_WP+15,case2_hampyeong,Hampyeong,2019,fixed_7d_80pct,7.307054,7.143275,-0.163779,-2.241376,114.189612,102.059323,-12.130289,-10.622936,0.778996,0.771513,-0.007483,-0.960604,823.82,823.82,False,False,False,0.85,1.15,0.2737,0.2185
soil,FC-15_WP+15,case2_hampyeong,Hampyeong,2019,deficit_SMT50,7.30513,7.32395,0.01882,0.257626,50.0,105.731809,55.731809,111.463618,0.835999,0.787901,-0.048098,-5.753377,823.82,823.82,False,False,False,0.85,1.15,0.2737,0.2185
soil,FC-15_WP+15,case2_hampyeong,Hampyeong,2019,deficit_SMT30,7.196797,7.061243,-0.135554,-1.883531,0.0,85.175898,85.175898,,0.873588,0.776818,-0.096771,-11.077366,823.82,823.82,False,False,False,0.85,1.15,0.2737,0.2185
soil,FC-15_WP+15,case2_hampyeong,Hampyeong,2019,full_SMT80,7.325232,7.328577,0.003345,0.045659,117.126119,152.474302,35.348183,30.17959,0.778496,0.750652,-0.027844,-3.576643,823.82,823.82,False,False,False,0.85,1.15,0.2737,0.2185
soil,FC-15_WP-15,case2_hampyeong,Hampyeong,2019,rainfed,7.196797,7.1486,-0.048196,-0.669692,0.0,0.0,0.0,,0.873588,0.867738,-0.00585,-0.669692,823.82,823.82,False,False,False,0.85,0.85,0.2737,0.1615
soil,FC-15_WP-15,case2_hampyeong,Hampyeong,2019,fixed_7d_80pct,7.307054,7.305373,-0.001681,-0.023,114.189612,106.551604,-7.638009,-6.688882,0.778996,0.78521,0.006215,0.797774,823.82,823.82,False,False,False,0.85,0.85,0.2737,0.1615
soil,FC-15_WP-15,case2_hampyeong,Hampyeong,2019,deficit_SMT50,7.30513,7.307034,0.001904,0.026065,50.0,75.0,25.0,50.0,0.835999,0.812959,-0.023041,-2.756085,823.82,823.82,False,False,False,0.85,0.85,0.2737,0.1615
soil,FC-15_WP-15,case2_hampyeong,Hampyeong,2019,deficit_SMT30,7.196797,7.236779,0.039982,0.555558,0.0,25.0,25.0,,0.873588,0.852569,-0.021019,-2.40607,823.82,823.82,False,False,False,0.85,0.85,0.2737,0.1615
soil,FC-15_WP-15,case2_hampyeong,Hampyeong,2019,full_SMT80,7.325232,7.329295,0.004063,0.055464,117.126119,125.779756,8.653636,7.388306,0.778496,0.77183,-0.006667,-0.856335,823.82,823.82,False,False,False,0.85,0.85,0.2737,0.1615
soil,FC+15,case2_hampyeong,Hampyeong,2022,rainfed,7.232599,7.338672,0.106073,1.466589,0.0,0.0,0.0,,0.999461,1.014119,0.014658,1.466589,723.65,723.65,False,False,False,1.15,1.0,0.3703,0.19
soil,FC+15,case2_hampyeong,Hampyeong,2022,fixed_7d_80pct,7.407908,7.422855,0.014946,0.201763,88.836635,92.93175,4.095115,4.609714,0.911758,0.909016,-0.002742,-0.300744,723.65,723.65,False,False,False,1.15,1.0,0.3703,0.19
soil,FC+15,case2_hampyeong,Hampyeong,2022,deficit_SMT50,7.232599,7.338672,0.106073,1.466589,0.0,0.0,0.0,,0.999461,1.014119,0.014658,1.466589,723.65,723.65,False,False,False,1.15,1.0,0.3703,0.19
soil,FC+15,case2_hampyeong,Hampyeong,2022,deficit_SMT30,7.232599,7.338672,0.106073,1.466589,0.0,0.0,0.0,,0.999461,1.014119,0.014658,1.466589,723.65,723.65,False,False,False,1.15,1.0,0.3703,0.19
soil,FC+15,case2_hampyeong,Hampyeong,2022,full_SMT80,7.431667,7.42706,-0.004607,-0.061993,97.896515,66.20331,-31.693204,-32.37419,0.904595,0.940309,0.035714,3.948062,723.65,723.65,False,False,False,1.15,1.0,0.3703,0.19
soil,FC-15,case2_hampyeong,Hampyeong,2022,rainfed,7.232599,6.877452,-0.355147,-4.910368,0.0,0.0,0.0,,0.999461,0.950384,-0.049077,-4.910368,723.65,723.65,False,False,False,0.85,1.0,0.2737,0.19
soil,FC-15,case2_hampyeong,Hampyeong,2022,fixed_7d_80pct,7.407908,7.35684,-0.051068,-0.689371,88.836635,85.409698,-3.426937,-3.857572,0.911758,0.909307,-0.00245,-0.268721,723.65,723.65,False,False,False,0.85,1.0,0.2737,0.19
soil,FC-15,case2_hampyeong,Hampyeong,2022,deficit_SMT50,7.232599,7.283867,0.051268,0.708843,0.0,64.787896,64.787896,,0.999461,0.923835,-0.075626,-7.566652,723.65,723.65,False,False,False,0.85,1.0,0.2737,0.19
soil,FC-15,case2_hampyeong,Hampyeong,2022,deficit_SMT30,7.232599,6.877452,-0.355147,-4.910368,0.0,0.0,0.0,,0.999461,0.950384,-0.049077,-4.910368,723.65,723.65,False,False,False,0.85,1.0,0.2737,0.19
soil,FC-15,case2_hampyeong,Hampyeong,2022,full_SMT80,7.431667,7.437659,0.005992,0.080631,97.896515,102.641769,4.745255,4.847215,0.904595,0.900125,-0.00447,-0.494115,723.65,723.65,False,False,False,0.85,1.0,0.2737,0.19
soil,WP+15,case2_hampyeong,Hampyeong,2022,rainfed,7.232599,6.999145,-0.233454,-3.227796,0.0,0.0,0.0,,0.999461,0.9672,-0.032261,-3.227796,723.65,723.65,False,False,False,1.0,1.15,0.322,0.2185
soil,WP+15,case2_hampyeong,Hampyeong,2022,fixed_7d_80pct,7.407908,7.384835,-0.023073,-0.311462,88.836635,88.317995,-0.51864,-0.583813,0.911758,0.909498,-0.002259,-0.247787,723.65,723.65,False,False,False,1.0,1.15,0.322,0.2185
soil,WP+15,case2_hampyeong,Hampyeong,2022,deficit_SMT50,7.232599,7.280433,0.047834,0.661365,0.0,46.708066,46.708066,,0.999461,0.945071,-0.05439,-5.441897,723.65,723.65,False,False,False,1.0,1.15,0.322,0.2185
soil,WP+15,case2_hampyeong,Hampyeong,2022,deficit_SMT30,7.232599,6.999145,-0.233454,-3.227796,0.0,0.0,0.0,,0.999461,0.9672,-0.032261,-3.227796,723.65,723.65,False,False,False,1.0,1.15,0.322,0.2185
soil,WP+15,case2_hampyeong,Hampyeong,2022,full_SMT80,7.431667,7.43545,0.003784,0.050913,97.896515,103.915388,6.018874,6.1482,0.904595,0.898473,-0.006122,-0.676756,723.65,723.65,False,False,False,1.0,1.15,0.322,0.2185
soil,WP-15,case2_hampyeong,Hampyeong,2022,rainfed,7.232599,7.319418,0.086819,1.200387,0.0,0.0,0.0,,0.999461,1.011458,0.011997,1.200387,723.65,723.65,False,False,False,1.0,0.85,0.322,0.1615
soil,WP-15,case2_hampyeong,Hampyeong,2022,fixed_7d_80pct,7.407908,7.419249,0.011341,0.153089,88.836635,89.296194,0.459559,0.517308,0.911758,0.912637,0.00088,0.096472,723.65,723.65,False,False,False,1.0,0.85,0.322,0.1615
soil,WP-15,case2_hampyeong,Hampyeong,2022,deficit_SMT50,7.232599,7.319418,0.086819,1.200387,0.0,0.0,0.0,,0.999461,1.011458,0.011997,1.200387,723.65,723.65,False,False,False,1.0,0.85,0.322,0.1615
soil,WP-15,case2_hampyeong,Hampyeong,2022,deficit_SMT30,7.232599,7.319418,0.086819,1.200387,0.0,0.0,0.0,,0.999461,1.011458,0.011997,1.200387,723.65,723.65,False,False,False,1.0,0.85,0.322,0.1615
soil,WP-15,case2_hampyeong,Hampyeong,2022,full_SMT80,7.431667,7.431404,-0.000263,-0.00354,97.896515,77.124224,-20.772291,-21.218621,0.904595,0.928027,0.023433,2.590394,723.65,723.65,False,False,False,1.0,0.85,0.322,0.1615
soil,FC+15_WP+15,case2_hampyeong,Hampyeong,2022,rainfed,7.232599,7.279135,0.046536,0.643416,0.0,0.0,0.0,,0.999461,1.005892,0.006431,0.643416,723.65,723.65,False,False,False,1.15,1.15,0.3703,0.2185
soil,FC+15_WP+15,case2_hampyeong,Hampyeong,2022,fixed_7d_80pct,7.407908,7.414655,0.006747,0.091077,88.836635,92.600661,3.764027,4.237021,0.911758,0.90838,-0.003378,-0.370479,723.65,723.65,False,False,False,1.15,1.15,0.3703,0.2185
soil,FC+15_WP+15,case2_hampyeong,Hampyeong,2022,deficit_SMT50,7.232599,7.279135,0.046536,0.643416,0.0,0.0,0.0,,0.999461,1.005892,0.006431,0.643416,723.65,723.65,False,False,False,1.15,1.15,0.3703,0.2185
soil,FC+15_WP+15,case2_hampyeong,Hampyeong,2022,deficit_SMT30,7.232599,7.279135,0.046536,0.643416,0.0,0.0,0.0,,0.999461,1.005892,0.006431,0.643416,723.65,723.65,False,False,False,1.15,1.15,0.3703,0.2185
soil,FC+15_WP+15,case2_hampyeong,Hampyeong,2022,full_SMT80,7.431667,7.432858,0.001192,0.016033,97.896515,90.76066,-7.135855,-7.289182,0.904595,0.912667,0.008072,0.892372,723.65,723.65,False,False,False,1.15,1.15,0.3703,0.2185
soil,FC+15_WP-15,case2_hampyeong,Hampyeong,2022,rainfed,7.232599,7.36879,0.136191,1.883016,0.0,0.0,0.0,,0.999461,1.018281,0.01882,1.883016,723.65,723.65,False,False,False,1.15,0.85,0.3703,0.1615
soil,FC+15_WP-15,case2_hampyeong,Hampyeong,2022,fixed_7d_80pct,7.407908,7.427871,0.019963,0.26948,88.836635,93.376375,4.53974,5.110212,0.911758,0.909135,-0.002623,-0.287659,723.65,723.65,False,False,False,1.15,0.85,0.3703,0.1615
soil,FC+15_WP-15,case2_hampyeong,Hampyeong,2022,deficit_SMT50,7.232599,7.36879,0.136191,1.883016,0.0,0.0,0.0,,0.999461,1.018281,0.01882,1.883016,723.65,723.65,False,False,False,1.15,0.85,0.3703,0.1615
soil,FC+15_WP-15,case2_hampyeong,Hampyeong,2022,deficit_SMT30,7.232599,7.36879,0.136191,1.883016,0.0,0.0,0.0,,0.999461,1.018281,0.01882,1.883016,723.65,723.65,False,False,False,1.15,0.85,0.3703,0.1615
soil,FC+15_WP-15,case2_hampyeong,Hampyeong,2022,full_SMT80,7.431667,7.419378,-0.012289,-0.165356,97.896515,61.782465,-36.11405,-36.890026,0.904595,0.944623,0.040029,4.425023,723.65,723.65,False,False,False,1.15,0.85,0.3703,0.1615
soil,FC-15_WP+15,case2_hampyeong,Hampyeong,2022,rainfed,7.232599,6.376882,-0.855717,-11.831393,0.0,0.0,0.0,,0.999461,0.881211,-0.11825,-11.831393,723.65,723.65,False,False,False,0.85,1.15,0.2737,0.2185
soil,FC-15_WP+15,case2_hampyeong,Hampyeong,2022,fixed_7d_80pct,7.407908,7.170049,-0.237859,-3.21088,88.836635,83.171087,-5.665548,-6.37749,0.911758,0.888679,-0.023079,-2.531221,723.65,723.65,False,False,False,0.85,1.15,0.2737,0.2185
soil,FC-15_WP+15,case2_hampyeong,Hampyeong,2022,deficit_SMT50,7.232599,7.401711,0.169111,2.338184,0.0,95.852142,95.852142,,0.999461,0.903196,-0.096265,-9.631686,723.65,723.65,False,False,False,0.85,1.15,0.2737,0.2185
soil,FC-15_WP+15,case2_hampyeong,Hampyeong,2022,deficit_SMT30,7.232599,6.977419,-0.25518,-3.528199,0.0,62.801689,62.801689,,0.999461,0.887202,-0.112258,-11.231904,723.65,723.65,False,False,False,0.85,1.15,0.2737,0.2185
soil,FC-15_WP+15,case2_hampyeong,Hampyeong,2022,full_SMT80,7.431667,7.437809,0.006142,0.082645,97.896515,110.155914,12.259399,12.522815,0.904595,0.892031,-0.012564,-1.388864,723.65,723.65,False,False,False,0.85,1.15,0.2737,0.2185
soil,FC-15_WP-15,case2_hampyeong,Hampyeong,2022,rainfed,7.232599,7.159271,-0.073328,-1.013861,0.0,0.0,0.0,,0.999461,0.989328,-0.010133,-1.013861,723.65,723.65,False,False,False,0.85,0.85,0.2737,0.1615
soil,FC-15_WP-15,case2_hampyeong,Hampyeong,2022,fixed_7d_80pct,7.407908,7.398319,-0.009589,-0.129447,88.836635,85.917197,-2.919438,-3.2863,0.911758,0.913861,0.002103,0.230704,723.65,723.65,False,False,False,0.85,0.85,0.2737,0.1615
soil,FC-15_WP-15,case2_hampyeong,Hampyeong,2022,deficit_SMT50,7.232599,7.159271,-0.073328,-1.013861,0.0,0.0,0.0,,0.999461,0.989328,-0.010133,-1.013861,723.65,723.65,False,False,False,0.85,0.85,0.2737,0.1615
soil,FC-15_WP-15,case2_hampyeong,Hampyeong,2022,deficit_SMT30,7.232599,7.159271,-0.073328,-1.013861,0.0,0.0,0.0,,0.999461,0.989328,-0.010133,-1.013861,723.65,723.65,False,False,False,0.85,0.85,0.2737,0.1615
soil,FC-15_WP-15,case2_hampyeong,Hampyeong,2022,full_SMT80,7.431667,7.4325,0.000833,0.011206,97.896515,98.11502,0.218505,0.2232,0.904595,0.904456,-0.000139,-0.015387,723.65,723.65,False,False,False,0.85,0.85,0.2737,0.1615
