axis,condition,case,site,year,baseline_best_deficit_strategy,condition_best_deficit_strategy,baseline_best_deficit_WP,condition_best_deficit_WP,baseline_fixed_WP,condition_fixed_WP,baseline_best_deficit_irrigation_mm,condition_best_deficit_irrigation_mm,baseline_fixed_irrigation_mm,condition_fixed_irrigation_mm,baseline_level_a_preferred,condition_level_a_preferred,level_a_preserved,baseline_rank_order,condition_rank_order,level_b_full_rank_preserved,baseline_deficit_pair_order,condition_deficit_pair_order,level_b_deficit_pair_preserved,flag_flips_count,verdict_summary
soil,FC+15,case1_gimje,Gimje,2015,deficit_SMT50,deficit_SMT50,1.148258,1.199555,1.092458,1.087417,175.0,125.0,238.919438,247.508822,True,True,True,deficit_SMT50>fixed_7d_80pct>deficit_SMT30>full_SMT80>rainfed,deficit_SMT50>rainfed>deficit_SMT30>full_SMT80>fixed_7d_80pct,False,deficit_SMT50>deficit_SMT30,deficit_SMT50>deficit_SMT30,True,0,Level A preferred
soil,FC-15,case1_gimje,Gimje,2015,deficit_SMT50,deficit_SMT50,1.148258,1.09629,1.092458,1.058638,175.0,238.617833,238.919438,231.06766,True,False,False,deficit_SMT50>fixed_7d_80pct>deficit_SMT30>full_SMT80>rainfed,deficit_SMT50>deficit_SMT30>fixed_7d_80pct>full_SMT80>rainfed,False,deficit_SMT50>deficit_SMT30,deficit_SMT50>deficit_SMT30,True,1,Level A flipped
soil,WP+15,case1_gimje,Gimje,2015,deficit_SMT50,deficit_SMT50,1.148258,1.122544,1.092458,1.067803,175.0,215.850614,238.919438,238.189666,True,True,True,deficit_SMT50>fixed_7d_80pct>deficit_SMT30>full_SMT80>rainfed,deficit_SMT50>fixed_7d_80pct>full_SMT80>deficit_SMT30>rainfed,False,deficit_SMT50>deficit_SMT30,deficit_SMT50>deficit_SMT30,True,1,Level A preferred
soil,WP-15,case1_gimje,Gimje,2015,deficit_SMT50,deficit_SMT50,1.148258,1.139667,1.092458,1.099375,175.0,150.0,238.919438,240.094671,True,True,True,deficit_SMT50>fixed_7d_80pct>deficit_SMT30>full_SMT80>rainfed,deficit_SMT50>deficit_SMT30>rainfed>fixed_7d_80pct>full_SMT80,False,deficit_SMT50>deficit_SMT30,deficit_SMT50>deficit_SMT30,True,0,Level A preferred
soil,FC+15_WP+15,case1_gimje,Gimje,2015,deficit_SMT50,deficit_SMT50,1.148258,1.11003,1.092458,1.082328,175.0,175.0,238.919438,246.7501,True,True,True,deficit_SMT50>fixed_7d_80pct>deficit_SMT30>full_SMT80>rainfed,deficit_SMT50>fixed_7d_80pct>full_SMT80>deficit_SMT30>rainfed,False,deficit_SMT50>deficit_SMT30,deficit_SMT50>deficit_SMT30,True,0,Level A preferred
soil,FC+15_WP-15,case1_gimje,Gimje,2015,deficit_SMT50,deficit_SMT30,1.148258,1.283849,1.092458,1.091492,175.0,50.0,238.919438,247.378065,True,True,True,deficit_SMT50>fixed_7d_80pct>deficit_SMT30>full_SMT80>rainfed,rainfed>deficit_SMT30>deficit_SMT50>full_SMT80>fixed_7d_80pct,False,deficit_SMT50>deficit_SMT30,deficit_SMT30>deficit_SMT50,False,0,Level A preferred
soil,FC-15_WP+15,case1_gimje,Gimje,2015,deficit_SMT50,deficit_SMT30,1.148258,1.098114,1.092458,0.979133,175.0,229.101507,238.919438,220.807295,True,False,False,deficit_SMT50>fixed_7d_80pct>deficit_SMT30>full_SMT80>rainfed,deficit_SMT30>deficit_SMT50>full_SMT80>fixed_7d_80pct>rainfed,False,deficit_SMT50>deficit_SMT30,deficit_SMT30>deficit_SMT50,False,2,Level A flipped
soil,FC-15_WP-15,case1_gimje,Gimje,2015,deficit_SMT50,deficit_SMT50,1.148258,1.14552,1.092458,1.096203,175.0,197.16972,238.919438,233.780735,True,True,True,deficit_SMT50>fixed_7d_80pct>deficit_SMT30>full_SMT80>rainfed,deficit_SMT50>fixed_7d_80pct>deficit_SMT30>full_SMT80>rainfed,True,deficit_SMT50>deficit_SMT30,deficit_SMT50>deficit_SMT30,True,0,Level A preferred
missing_weather,jul15_28_removed,case1_gimje,Gimje,2015,deficit_SMT50,deficit_SMT50,1.148258,1.272314,1.092458,1.168947,175.0,150.0,238.919438,235.694338,True,True,True,deficit_SMT50>fixed_7d_80pct>deficit_SMT30>full_SMT80>rainfed,deficit_SMT50>fixed_7d_80pct>deficit_SMT30>full_SMT80>rainfed,True,deficit_SMT50>deficit_SMT30,deficit_SMT50>deficit_SMT30,True,0,Level A preferred
soil,FC+15,case1_gimje,Gimje,2019,deficit_SMT30,deficit_SMT30,0.912151,0.936282,0.884371,0.882962,50.0,50.0,143.674913,149.389888,True,True,True,deficit_SMT30>rainfed>fixed_7d_80pct>deficit_SMT50>full_SMT80,rainfed>deficit_SMT30>deficit_SMT50>fixed_7d_80pct>full_SMT80,False,deficit_SMT30>deficit_SMT50,deficit_SMT30>deficit_SMT50,True,1,Level A preferred
soil,FC-15,case1_gimje,Gimje,2019,deficit_SMT30,deficit_SMT50,0.912151,0.864517,0.884371,0.873875,50.0,169.072128,143.674913,136.77496,True,False,False,deficit_SMT30>rainfed>fixed_7d_80pct>deficit_SMT50>full_SMT80,fixed_7d_80pct>deficit_SMT50>deficit_SMT30>full_SMT80>rainfed,False,deficit_SMT30>deficit_SMT50,deficit_SMT50>deficit_SMT30,False,0,Level A flipped
soil,WP+15,case1_gimje,Gimje,2019,deficit_SMT30,deficit_SMT50,0.912151,0.904635,0.884371,0.876369,50.0,120.226318,143.674913,142.398184,True,True,True,deficit_SMT30>rainfed>fixed_7d_80pct>deficit_SMT50>full_SMT80,deficit_SMT50>fixed_7d_80pct>rainfed>deficit_SMT30>full_SMT80,False,deficit_SMT30>deficit_SMT50,deficit_SMT50>deficit_SMT30,False,0,Level A preferred
soil,WP-15,case1_gimje,Gimje,2019,deficit_SMT30,deficit_SMT30,0.912151,0.937778,0.884371,0.886203,50.0,50.0,143.674913,145.358532,True,True,True,deficit_SMT30>rainfed>fixed_7d_80pct>deficit_SMT50>full_SMT80,rainfed>deficit_SMT30>deficit_SMT50>fixed_7d_80pct>full_SMT80,False,deficit_SMT30>deficit_SMT50,deficit_SMT30>deficit_SMT50,True,1,Level A preferred
soil,FC+15_WP+15,case1_gimje,Gimje,2019,deficit_SMT30,deficit_SMT30,0.912151,0.919236,0.884371,0.88179,50.0,50.0,143.674913,148.38201,True,True,True,deficit_SMT30>rainfed>fixed_7d_80pct>deficit_SMT50>full_SMT80,rainfed>deficit_SMT30>deficit_SMT50>fixed_7d_80pct>full_SMT80,False,deficit_SMT30>deficit_SMT50,deficit_SMT30>deficit_SMT50,True,0,Level A preferred
soil,FC+15_WP-15,case1_gimje,Gimje,2019,deficit_SMT30,deficit_SMT30,0.912151,0.979945,0.884371,0.883001,50.0,25.0,143.674913,150.396342,True,True,True,deficit_SMT30>rainfed>fixed_7d_80pct>deficit_SMT50>full_SMT80,rainfed>deficit_SMT30>deficit_SMT50>fixed_7d_80pct>full_SMT80,False,deficit_SMT30>deficit_SMT50,deficit_SMT30>deficit_SMT50,True,1,Level A preferred
soil,FC-15_WP+15,case1_gimje,Gimje,2019,deficit_SMT30,deficit_SMT30,0.912151,0.855599,0.884371,0.851971,50.0,161.362473,143.674913,131.541174,True,False,False,deficit_SMT30>rainfed>fixed_7d_80pct>deficit_SMT50>full_SMT80,deficit_SMT30>fixed_7d_80pct>deficit_SMT50>full_SMT80>rainfed,False,deficit_SMT30>deficit_SMT50,deficit_SMT30>deficit_SMT50,True,1,Level A flipped
soil,FC-15_WP-15,case1_gimje,Gimje,2019,deficit_SMT30,deficit_SMT30,0.912151,0.913569,0.884371,0.886421,50.0,50.0,143.674913,138.738853,True,True,True,deficit_SMT30>rainfed>fixed_7d_80pct>deficit_SMT50>full_SMT80,deficit_SMT30>rainfed>deficit_SMT50>fixed_7d_80pct>full_SMT80,False,deficit_SMT30>deficit_SMT50,deficit_SMT30>deficit_SMT50,True,0,Level A preferred
missing_weather,jul15_28_removed,case1_gimje,Gimje,2019,deficit_SMT30,deficit_SMT30,0.912151,1.069123,0.884371,1.070536,50.0,100.0,143.674913,166.466643,True,False,False,deficit_SMT30>rainfed>fixed_7d_80pct>deficit_SMT50>full_SMT80,fixed_7d_80pct>deficit_SMT30>deficit_SMT50>full_SMT80>rainfed,False,deficit_SMT30>deficit_SMT50,deficit_SMT30>deficit_SMT50,True,0,Level A flipped
soil,FC+15,case1_gimje,Gimje,2022,deficit_SMT50,deficit_SMT30,0.863538,0.907589,0.874136,0.880145,100.0,0.0,93.541868,97.45864,False,True,False,fixed_7d_80pct>deficit_SMT50>full_SMT80>deficit_SMT30>rainfed,deficit_SMT30>rainfed>deficit_SMT50>fixed_7d_80pct>full_SMT80,False,deficit_SMT50>deficit_SMT30,deficit_SMT30>deficit_SMT50,False,0,Level A preferred
soil,FC-15,case1_gimje,Gimje,2022,deficit_SMT50,deficit_SMT50,0.863538,0.879607,0.874136,0.846673,100.0,96.519147,93.541868,88.783011,False,False,True,fixed_7d_80pct>deficit_SMT50>full_SMT80>deficit_SMT30>rainfed,deficit_SMT50>fixed_7d_80pct>deficit_SMT30>full_SMT80>rainfed,False,deficit_SMT50>deficit_SMT30,deficit_SMT50>deficit_SMT30,True,0,Level A status unchanged but not preferred
soil,WP+15,case1_gimje,Gimje,2022,deficit_SMT50,deficit_SMT30,0.863538,0.855549,0.874136,0.854923,100.0,50.0,93.541868,93.176507,False,True,False,fixed_7d_80pct>deficit_SMT50>full_SMT80>deficit_SMT30>rainfed,deficit_SMT30>fixed_7d_80pct>deficit_SMT50>full_SMT80>rainfed,False,deficit_SMT50>deficit_SMT30,deficit_SMT30>deficit_SMT50,False,0,Level A preferred
soil,WP-15,case1_gimje,Gimje,2022,deficit_SMT50,deficit_SMT30,0.863538,0.899794,0.874136,0.881603,100.0,0.0,93.541868,93.814155,False,True,False,fixed_7d_80pct>deficit_SMT50>full_SMT80>deficit_SMT30>rainfed,deficit_SMT30>rainfed>deficit_SMT50>fixed_7d_80pct>full_SMT80,False,deficit_SMT50>deficit_SMT30,deficit_SMT30>deficit_SMT50,False,0,Level A preferred
soil,FC+15_WP+15,case1_gimje,Gimje,2022,deficit_SMT50,deficit_SMT50,0.863538,0.897689,0.874136,0.874852,100.0,50.0,93.541868,97.179049,False,True,False,fixed_7d_80pct>deficit_SMT50>full_SMT80>deficit_SMT30>rainfed,deficit_SMT50>fixed_7d_80pct>deficit_SMT30>rainfed>full_SMT80,False,deficit_SMT50>deficit_SMT30,deficit_SMT50>deficit_SMT30,True,0,Level A preferred
soil,FC+15_WP-15,case1_gimje,Gimje,2022,deficit_SMT50,deficit_SMT30,0.863538,0.942524,0.874136,0.882999,100.0,0.0,93.541868,97.801096,False,True,False,fixed_7d_80pct>deficit_SMT50>full_SMT80>deficit_SMT30>rainfed,deficit_SMT30>rainfed>deficit_SMT50>fixed_7d_80pct>full_SMT80,False,deficit_SMT50>deficit_SMT30,deficit_SMT30>deficit_SMT50,False,0,Level A preferred
soil,FC-15_WP+15,case1_gimje,Gimje,2022,deficit_SMT50,deficit_SMT50,0.863538,0.858401,0.874136,0.799706,100.0,129.89201,93.541868,85.143114,False,False,True,fixed_7d_80pct>deficit_SMT50>full_SMT80>deficit_SMT30>rainfed,deficit_SMT50>deficit_SMT30>full_SMT80>fixed_7d_80pct>rainfed,False,deficit_SMT50>deficit_SMT30,deficit_SMT50>deficit_SMT30,True,0,Level A status unchanged but not preferred
soil,FC-15_WP-15,case1_gimje,Gimje,2022,deficit_SMT50,deficit_SMT50,0.863538,0.857577,0.874136,0.871642,100.0,98.614733,93.541868,89.007042,False,False,True,fixed_7d_80pct>deficit_SMT50>full_SMT80>deficit_SMT30>rainfed,fixed_7d_80pct>deficit_SMT50>rainfed>full_SMT80>deficit_SMT30,False,deficit_SMT50>deficit_SMT30,deficit_SMT50>deficit_SMT30,True,0,Level A status unchanged but not preferred
missing_weather,jul15_28_removed,case1_gimje,Gimje,2022,deficit_SMT50,deficit_SMT50,0.863538,0.985718,0.874136,0.978795,100.0,75.0,93.541868,89.526496,False,True,False,fixed_7d_80pct>deficit_SMT50>full_SMT80>deficit_SMT30>rainfed,deficit_SMT50>fixed_7d_80pct>deficit_SMT30>rainfed>full_SMT80,False,deficit_SMT50>deficit_SMT30,deficit_SMT50>deficit_SMT30,True,0,Level A preferred
soil,FC+15,case2_hampyeong,Hampyeong,2015,deficit_SMT30,deficit_SMT30,1.05516,1.171626,0.990543,0.981419,25.0,0.0,142.761903,150.790901,True,True,True,deficit_SMT30>rainfed>deficit_SMT50>fixed_7d_80pct>full_SMT80,deficit_SMT30>rainfed>deficit_SMT50>full_SMT80>fixed_7d_80pct,False,deficit_SMT30>deficit_SMT50,deficit_SMT30>deficit_SMT50,True,0,Level A preferred
soil,FC-15,case2_hampyeong,Hampyeong,2015,deficit_SMT30,deficit_SMT50,1.05516,1.00562,0.990543,0.993022,25.0,124.752503,142.761903,136.934935,True,True,True,deficit_SMT30>rainfed>deficit_SMT50>fixed_7d_80pct>full_SMT80,deficit_SMT50>full_SMT80>fixed_7d_80pct>deficit_SMT30>rainfed,False,deficit_SMT30>deficit_SMT50,deficit_SMT50>deficit_SMT30,False,0,Level A preferred
soil,WP+15,case2_hampyeong,Hampyeong,2015,deficit_SMT30,deficit_SMT50,1.05516,1.01779,0.990543,0.988751,25.0,97.080147,142.761903,141.793375,True,True,True,deficit_SMT30>rainfed>deficit_SMT50>fixed_7d_80pct>full_SMT80,deficit_SMT50>fixed_7d_80pct>full_SMT80>deficit_SMT30>rainfed,False,deficit_SMT30>deficit_SMT50,deficit_SMT50>deficit_SMT30,False,0,Level A preferred
soil,WP-15,case2_hampyeong,Hampyeong,2015,deficit_SMT30,deficit_SMT30,1.05516,1.126626,0.990543,0.990519,25.0,25.0,142.761903,143.861208,True,True,True,deficit_SMT30>rainfed>deficit_SMT50>fixed_7d_80pct>full_SMT80,rainfed>deficit_SMT30>deficit_SMT50>full_SMT80>fixed_7d_80pct,False,deficit_SMT30>deficit_SMT50,deficit_SMT30>deficit_SMT50,True,0,Level A preferred
soil,FC+15_WP+15,case2_hampyeong,Hampyeong,2015,deficit_SMT30,deficit_SMT30,1.05516,1.089362,0.990543,0.981277,25.0,25.0,142.761903,150.06145,True,True,True,deficit_SMT30>rainfed>deficit_SMT50>fixed_7d_80pct>full_SMT80,rainfed>deficit_SMT30>deficit_SMT50>full_SMT80>fixed_7d_80pct,False,deficit_SMT30>deficit_SMT50,deficit_SMT30>deficit_SMT50,True,0,Level A preferred
soil,FC+15_WP-15,case2_hampyeong,Hampyeong,2015,deficit_SMT30,deficit_SMT30,1.05516,1.216392,0.990543,0.981159,25.0,0.0,142.761903,151.460588,True,True,True,deficit_SMT30>rainfed>deficit_SMT50>fixed_7d_80pct>full_SMT80,deficit_SMT30>rainfed>deficit_SMT50>full_SMT80>fixed_7d_80pct,False,deficit_SMT30>deficit_SMT50,deficit_SMT30>deficit_SMT50,True,0,Level A preferred
soil,FC-15_WP+15,case2_hampyeong,Hampyeong,2015,deficit_SMT30,deficit_SMT50,1.05516,1.035773,0.990543,0.973906,25.0,110.217646,142.761903,134.373893,True,True,True,deficit_SMT30>rainfed>deficit_SMT50>fixed_7d_80pct>full_SMT80,deficit_SMT50>deficit_SMT30>fixed_7d_80pct>full_SMT80>rainfed,False,deficit_SMT30>deficit_SMT50,deficit_SMT50>deficit_SMT30,False,0,Level A preferred
soil,FC-15_WP-15,case2_hampyeong,Hampyeong,2015,deficit_SMT30,deficit_SMT50,1.05516,1.059793,0.990543,0.996821,25.0,75.0,142.761903,137.832337,True,True,True,deficit_SMT30>rainfed>deficit_SMT50>fixed_7d_80pct>full_SMT80,deficit_SMT50>deficit_SMT30>fixed_7d_80pct>rainfed>full_SMT80,False,deficit_SMT30>deficit_SMT50,deficit_SMT50>deficit_SMT30,False,0,Level A preferred
missing_weather,jul15_28_removed,case2_hampyeong,Hampyeong,2015,deficit_SMT30,deficit_SMT30,1.05516,1.152111,0.990543,1.045015,25.0,0.0,142.761903,127.620851,True,True,True,deficit_SMT30>rainfed>deficit_SMT50>fixed_7d_80pct>full_SMT80,deficit_SMT30>rainfed>deficit_SMT50>fixed_7d_80pct>full_SMT80,True,deficit_SMT30>deficit_SMT50,deficit_SMT30>deficit_SMT50,True,0,Level A preferred
soil,FC+15,case2_hampyeong,Hampyeong,2019,deficit_SMT30,deficit_SMT30,0.873588,0.881684,0.778996,0.7725,0.0,0.0,114.189612,123.17903,True,True,True,deficit_SMT30>rainfed>deficit_SMT50>fixed_7d_80pct>full_SMT80,deficit_SMT30>rainfed>deficit_SMT50>full_SMT80>fixed_7d_80pct,False,deficit_SMT30>deficit_SMT50,deficit_SMT30>deficit_SMT50,True,0,Level A preferred
soil,FC-15,case2_hampyeong,Hampyeong,2019,deficit_SMT30,deficit_SMT30,0.873588,0.821924,0.778996,0.784278,0.0,50.0,114.189612,104.453252,True,True,True,deficit_SMT30>rainfed>deficit_SMT50>fixed_7d_80pct>full_SMT80,rainfed>deficit_SMT30>deficit_SMT50>fixed_7d_80pct>full_SMT80,False,deficit_SMT30>deficit_SMT50,deficit_SMT30>deficit_SMT50,True,0,Level A preferred
soil,WP+15,case2_hampyeong,Hampyeong,2019,deficit_SMT30,deficit_SMT30,0.873588,0.822504,0.778996,0.779029,0.0,50.0,114.189612,112.070718,True,True,True,deficit_SMT30>rainfed>deficit_SMT50>fixed_7d_80pct>full_SMT80,rainfed>deficit_SMT30>deficit_SMT50>fixed_7d_80pct>full_SMT80,False,deficit_SMT30>deficit_SMT50,deficit_SMT30>deficit_SMT50,True,0,Level A preferred
soil,WP-15,case2_hampyeong,Hampyeong,2019,deficit_SMT30,deficit_SMT30,0.873588,0.880929,0.778996,0.77895,0.0,0.0,114.189612,115.159118,True,True,True,deficit_SMT30>rainfed>deficit_SMT50>fixed_7d_80pct>full_SMT80,deficit_SMT30>rainfed>deficit_SMT50>full_SMT80>fixed_7d_80pct,False,deficit_SMT30>deficit_SMT50,deficit_SMT30>deficit_SMT50,True,0,Level A preferred
soil,FC+15_WP+15,case2_hampyeong,Hampyeong,2019,deficit_SMT30,deficit_SMT30,0.873588,0.876143,0.778996,0.772506,0.0,0.0,114.189612,122.499398,True,True,True,deficit_SMT30>rainfed>deficit_SMT50>fixed_7d_80pct>full_SMT80,deficit_SMT30>rainfed>deficit_SMT50>fixed_7d_80pct>full_SMT80,True,deficit_SMT30>deficit_SMT50,deficit_SMT30>deficit_SMT50,True,0,Level A preferred
soil,FC+15_WP-15,case2_hampyeong,Hampyeong,2019,deficit_SMT30,deficit_SMT50,0.873588,0.884392,0.778996,0.772363,0.0,0.0,114.189612,123.748813,True,True,True,deficit_SMT30>rainfed>deficit_SMT50>fixed_7d_80pct>full_SMT80,deficit_SMT30>deficit_SMT50>rainfed>full_SMT80>fixed_7d_80pct,False,deficit_SMT30>deficit_SMT50,deficit_SMT30>deficit_SMT50,True,0,Level A preferred
soil,FC-15_WP+15,case2_hampyeong,Hampyeong,2019,deficit_SMT30,deficit_SMT50,0.873588,0.787901,0.778996,0.771513,0.0,105.731809,114.189612,102.059323,True,False,False,deficit_SMT30>rainfed>deficit_SMT50>fixed_7d_80pct>full_SMT80,deficit_SMT50>deficit_SMT30>fixed_7d_80pct>full_SMT80>rainfed,False,deficit_SMT30>deficit_SMT50,deficit_SMT50>deficit_SMT30,False,0,Level A flipped
soil,FC-15_WP-15,case2_hampyeong,Hampyeong,2019,deficit_SMT30,deficit_SMT30,0.873588,0.852569,0.778996,0.78521,0.0,25.0,114.189612,106.551604,True,True,True,deficit_SMT30>rainfed>deficit_SMT50>fixed_7d_80pct>full_SMT80,rainfed>deficit_SMT30>deficit_SMT50>fixed_7d_80pct>full_SMT80,False,deficit_SMT30>deficit_SMT50,deficit_SMT30>deficit_SMT50,True,0,Level A preferred
missing_weather,jul15_28_removed,case2_hampyeong,Hampyeong,2019,deficit_SMT30,deficit_SMT30,0.873588,1.06572,0.778996,0.939323,0.0,25.0,114.189612,130.970095,True,True,True,deficit_SMT30>rainfed>deficit_SMT50>fixed_7d_80pct>full_SMT80,rainfed>deficit_SMT30>deficit_SMT50>fixed_7d_80pct>full_SMT80,False,deficit_SMT30>deficit_SMT50,deficit_SMT30>deficit_SMT50,True,0,Level A preferred
soil,FC+15,case2_hampyeong,Hampyeong,2022,deficit_SMT50,deficit_SMT50,0.999461,1.014119,0.911758,0.909016,0.0,0.0,88.836635,92.93175,True,True,True,deficit_SMT30>deficit_SMT50>rainfed>fixed_7d_80pct>full_SMT80,deficit_SMT30>deficit_SMT50>rainfed>full_SMT80>fixed_7d_80pct,False,deficit_SMT30>deficit_SMT50,deficit_SMT30>deficit_SMT50,True,0,Level A preferred
soil,FC-15,case2_hampyeong,Hampyeong,2022,deficit_SMT50,deficit_SMT30,0.999461,0.950384,0.911758,0.909307,0.0,0.0,88.836635,85.409698,True,True,True,deficit_SMT30>deficit_SMT50>rainfed>fixed_7d_80pct>full_SMT80,deficit_SMT30>rainfed>deficit_SMT50>fixed_7d_80pct>full_SMT80,False,deficit_SMT30>deficit_SMT50,deficit_SMT30>deficit_SMT50,True,0,Level A preferred
soil,WP+15,case2_hampyeong,Hampyeong,2022,deficit_SMT50,deficit_SMT30,0.999461,0.9672,0.911758,0.909498,0.0,0.0,88.836635,88.317995,True,True,True,deficit_SMT30>deficit_SMT50>rainfed>fixed_7d_80pct>full_SMT80,deficit_SMT30>rainfed>deficit_SMT50>fixed_7d_80pct>full_SMT80,False,deficit_SMT30>deficit_SMT50,deficit_SMT30>deficit_SMT50,True,0,Level A preferred
soil,WP-15,case2_hampyeong,Hampyeong,2022,deficit_SMT50,deficit_SMT50,0.999461,1.011458,0.911758,0.912637,0.0,0.0,88.836635,89.296194,True,True,True,deficit_SMT30>deficit_SMT50>rainfed>fixed_7d_80pct>full_SMT80,deficit_SMT30>deficit_SMT50>rainfed>full_SMT80>fixed_7d_80pct,False,deficit_SMT30>deficit_SMT50,deficit_SMT30>deficit_SMT50,True,0,Level A preferred
soil,FC+15_WP+15,case2_hampyeong,Hampyeong,2022,deficit_SMT50,deficit_SMT50,0.999461,1.005892,0.911758,0.90838,0.0,0.0,88.836635,92.600661,True,True,True,deficit_SMT30>deficit_SMT50>rainfed>fixed_7d_80pct>full_SMT80,deficit_SMT30>deficit_SMT50>rainfed>full_SMT80>fixed_7d_80pct,False,deficit_SMT30>deficit_SMT50,deficit_SMT30>deficit_SMT50,True,0,Level A preferred
soil,FC+15_WP-15,case2_hampyeong,Hampyeong,2022,deficit_SMT50,deficit_SMT50,0.999461,1.018281,0.911758,0.909135,0.0,0.0,88.836635,93.376375,True,True,True,deficit_SMT30>deficit_SMT50>rainfed>fixed_7d_80pct>full_SMT80,deficit_SMT30>deficit_SMT50>rainfed>full_SMT80>fixed_7d_80pct,False,deficit_SMT30>deficit_SMT50,deficit_SMT30>deficit_SMT50,True,0,Level A preferred
soil,FC-15_WP+15,case2_hampyeong,Hampyeong,2022,deficit_SMT50,deficit_SMT50,0.999461,0.903196,0.911758,0.888679,0.0,95.852142,88.836635,83.171087,True,False,False,deficit_SMT30>deficit_SMT50>rainfed>fixed_7d_80pct>full_SMT80,deficit_SMT50>full_SMT80>fixed_7d_80pct>deficit_SMT30>rainfed,False,deficit_SMT30>deficit_SMT50,deficit_SMT50>deficit_SMT30,False,0,Level A flipped
soil,FC-15_WP-15,case2_hampyeong,Hampyeong,2022,deficit_SMT50,deficit_SMT50,0.999461,0.989328,0.911758,0.913861,0.0,0.0,88.836635,85.917197,True,True,True,deficit_SMT30>deficit_SMT50>rainfed>fixed_7d_80pct>full_SMT80,deficit_SMT30>deficit_SMT50>rainfed>fixed_7d_80pct>full_SMT80,True,deficit_SMT30>deficit_SMT50,deficit_SMT30>deficit_SMT50,True,0,Level A preferred
missing_weather,jul15_28_removed,case2_hampyeong,Hampyeong,2022,deficit_SMT50,deficit_SMT50,0.999461,1.233823,0.911758,1.084806,0.0,0.0,88.836635,96.747966,True,True,True,deficit_SMT30>deficit_SMT50>rainfed>fixed_7d_80pct>full_SMT80,deficit_SMT30>deficit_SMT50>rainfed>full_SMT80>fixed_7d_80pct,False,deficit_SMT30>deficit_SMT50,deficit_SMT30>deficit_SMT50,True,0,Level A preferred
